sample_group,sample_id,action_json_file,action_json_path,image_count_in_cad,example_image_paths,example_view_indices,event_count,pair_count,unique_action_count,span_ms,extrusion_pair_count,complexity_score,complexity_label
random_stratified_overlap,00011990,00011990.json,evidence/videocad/samples/dataverse/action_json_unpacked/action_json/00011990.json,5,images/0001/00011990_0.png | images/0001/00011990_3.png | images/0001/00011990_4.png | images/0001/00011990_1.png | images/0001/00011990_2.png,"0,1,2,3,4",24,12,4,8001.0,2,0.032386,low
random_stratified_overlap,00016953,00016953.json,evidence/videocad/samples/dataverse/action_json_unpacked/action_json/00016953.json,5,images/0001/00016953_3.png | images/0001/00016953_4.png | images/0001/00016953_1.png | images/0001/00016953_2.png | images/0001/00016953_0.png,"0,1,2,3,4",24,12,4,9237.0,3,0.046248,low
random_stratified_overlap,00017018,00017018.json,evidence/videocad/samples/dataverse/action_json_unpacked/action_json/00017018.json,5,images/0001/00017018_1.png | images/0001/00017018_2.png | images/0001/00017018_3.png | images/0001/00017018_4.png | images/0001/00017018_0.png,"0,1,2,3,4",16,8,4,6240.0,2,0.004216,low
random_stratified_overlap,00017284,00017284.json,evidence/videocad/samples/dataverse/action_json_unpacked/action_json/00017284.json,5,images/0001/00017284_1.png | images/0001/00017284_4.png | images/0001/00017284_0.png | images/0001/00017284_2.png | images/0001/00017284_3.png,"0,1,2,3,4",26,13,4,7424.0,2,0.038308,low
random_stratified_overlap,00017599,00017599.json,evidence/videocad/samples/dataverse/action_json_unpacked/action_json/00017599.json,5,images/0001/00017599_0.png | images/0001/00017599_3.png | images/0001/00017599_1.png | images/0001/00017599_4.png | images/0001/00017599_2.png,"0,1,2,3,4",16,8,4,5605.0,2,0.003516,low
random_stratified_overlap,00026599,00026599.json,evidence/videocad/samples/dataverse/action_json_unpacked/action_json/00026599.json,4,images/0002/00026599_1.png | images/0002/00026599_2.png | images/0002/00026599_0.png | images/0002/00026599_4.png,"0,1,2,4",16,8,4,5355.0,2,0.003241,low
random_stratified_overlap,00047421,00047421.json,evidence/videocad/samples/dataverse/action_json_unpacked/action_json/00047421.json,5,images/0004/00047421_1.png | images/0004/00047421_3.png | images/0004/00047421_2.png | images/0004/00047421_0.png | images/0004/00047421_4.png,"0,1,2,3,4",28,14,4,5422.0,2,0.042659,low
random_stratified_overlap,00055078,00055078.json,evidence/videocad/samples/dataverse/action_json_unpacked/action_json/00055078.json,5,images/0005/00055078_0.png | images/0005/00055078_3.png | images/0005/00055078_1.png | images/0005/00055078_2.png | images/0005/00055078_4.png,"0,1,2,3,4",16,8,4,5598.0,2,0.003509,low
random_stratified_overlap,00076659,00076659.json,evidence/videocad/samples/dataverse/action_json_unpacked/action_json/00076659.json,5,images/0007/00076659_4.png | images/0007/00076659_0.png | images/0007/00076659_2.png | images/0007/00076659_3.png | images/0007/00076659_1.png,"0,1,2,3,4",28,14,4,6569.0,2,0.043923,low
random_stratified_overlap,00089049,00089049.json,evidence/videocad/samples/dataverse/action_json_unpacked/action_json/00089049.json,5,images/0008/00089049_0.png | images/0008/00089049_2.png | images/0008/00089049_3.png | images/0008/00089049_4.png | images/0008/00089049_1.png,"0,1,2,3,4",36,18,4,7110.0,3,0.083249,low
random_stratified_overlap,00090444,00090444.json,evidence/videocad/samples/dataverse/action_json_unpacked/action_json/00090444.json,5,images/0009/00090444_3.png | images/0009/00090444_2.png | images/0009/00090444_0.png | images/0009/00090444_1.png | images/0009/00090444_4.png,"0,1,2,3,4",40,20,4,9430.0,3,0.09892,low
random_stratified_overlap,00104282,00104282.json,evidence/videocad/samples/dataverse/action_json_unpacked/action_json/00104282.json,5,images/0010/00104282_3.png | images/0010/00104282_2.png | images/0010/00104282_4.png | images/0010/00104282_1.png | images/0010/00104282_0.png,"0,1,2,3,4",16,8,4,6155.0,2,0.004123,low
random_stratified_overlap,00107173,00107173.json,evidence/videocad/samples/dataverse/action_json_unpacked/action_json/00107173.json,5,images/0010/00107173_4.png | images/0010/00107173_0.png | images/0010/00107173_3.png | images/0010/00107173_1.png | images/0010/00107173_2.png,"0,1,2,3,4",16,8,4,5458.0,2,0.003354,low
random_stratified_overlap,00107754,00107754.json,evidence/videocad/samples/dataverse/action_json_unpacked/action_json/00107754.json,5,images/0010/00107754_2.png | images/0010/00107754_3.png | images/0010/00107754_0.png | images/0010/00107754_4.png | images/0010/00107754_1.png,"0,1,2,3,4",24,12,4,7874.0,3,0.044746,low
random_stratified_overlap,00122673,00122673.json,evidence/videocad/samples/dataverse/action_json_unpacked/action_json/00122673.json,5,images/0012/00122673_0.png | images/0012/00122673_2.png | images/0012/00122673_1.png | images/0012/00122673_3.png | images/0012/00122673_4.png,"0,1,2,3,4",24,12,4,9308.0,3,0.046327,low
random_stratified_overlap,00131227,00131227.json,evidence/videocad/samples/dataverse/action_json_unpacked/action_json/00131227.json,5,images/0013/00131227_1.png | images/0013/00131227_2.png | images/0013/00131227_3.png | images/0013/00131227_4.png | images/0013/00131227_0.png,"0,1,2,3,4",16,8,4,4638.0,2,0.002451,low
random_stratified_overlap,00135515,00135515.json,evidence/videocad/samples/dataverse/action_json_unpacked/action_json/00135515.json,5,images/0013/00135515_1.png | images/0013/00135515_0.png | images/0013/00135515_2.png | images/0013/00135515_3.png | images/0013/00135515_4.png,"0,1,2,3,4",24,12,4,5531.0,2,0.029664,low
random_stratified_overlap,00137186,00137186.json,evidence/videocad/samples/dataverse/action_json_unpacked/action_json/00137186.json,5,images/0013/00137186_0.png | images/0013/00137186_3.png | images/0013/00137186_2.png | images/0013/00137186_4.png | images/0013/00137186_1.png,"0,1,2,3,4",28,14,4,5571.0,2,0.042823,low
random_stratified_overlap,00138970,00138970.json,evidence/videocad/samples/dataverse/action_json_unpacked/action_json/00138970.json,5,images/0013/00138970_3.png | images/0013/00138970_1.png | images/0013/00138970_4.png | images/0013/00138970_2.png | images/0013/00138970_0.png,"0,1,2,3,4",24,12,4,8499.0,3,0.045435,low
random_stratified_overlap,00168914,00168914.json,evidence/videocad/samples/dataverse/action_json_unpacked/action_json/00168914.json,5,images/0016/00168914_3.png | images/0016/00168914_4.png | images/0016/00168914_1.png | images/0016/00168914_2.png | images/0016/00168914_0.png,"0,1,2,3,4",28,14,4,12167.0,3,0.062592,low
random_stratified_overlap,00191109,00191109.json,evidence/videocad/samples/dataverse/action_json_unpacked/action_json/00191109.json,5,images/0019/00191109_2.png | images/0019/00191109_0.png | images/0019/00191109_1.png | images/0019/00191109_3.png | images/0019/00191109_4.png,"0,1,2,3,4",28,14,4,4505.0,2,0.041649,low
random_stratified_overlap,00201721,00201721.json,evidence/videocad/samples/dataverse/action_json_unpacked/action_json/00201721.json,5,images/0020/00201721_1.png | images/0020/00201721_4.png | images/0020/00201721_0.png | images/0020/00201721_2.png | images/0020/00201721_3.png,"0,1,2,3,4",28,14,4,6730.0,2,0.0441,low
random_stratified_overlap,00214388,00214388.json,evidence/videocad/samples/dataverse/action_json_unpacked/action_json/00214388.json,5,images/0021/00214388_1.png | images/0021/00214388_3.png | images/0021/00214388_0.png | images/0021/00214388_4.png | images/0021/00214388_2.png,"0,1,2,3,4",20,10,4,5875.0,2,0.016929,low
random_stratified_overlap,00249558,00249558.json,evidence/videocad/samples/dataverse/action_json_unpacked/action_json/00249558.json,5,images/0024/00249558_0.png | images/0024/00249558_2.png | images/0024/00249558_3.png | images/0024/00249558_4.png | images/0024/00249558_1.png,"0,1,2,3,4",28,14,4,5729.0,2,0.042997,low
random_stratified_overlap,00269364,00269364.json,evidence/videocad/samples/dataverse/action_json_unpacked/action_json/00269364.json,5,images/0026/00269364_2.png | images/0026/00269364_3.png | images/0026/00269364_0.png | images/0026/00269364_4.png | images/0026/00269364_1.png,"0,1,2,3,4",24,12,4,5461.0,2,0.029587,low
random_stratified_overlap,00277142,00277142.json,evidence/videocad/samples/dataverse/action_json_unpacked/action_json/00277142.json,5,images/0027/00277142_1.png | images/0027/00277142_3.png | images/0027/00277142_2.png | images/0027/00277142_0.png | images/0027/00277142_4.png,"0,1,2,3,4",20,10,4,4203.0,2,0.015086,low
random_stratified_overlap,00280453,00280453.json,evidence/videocad/samples/dataverse/action_json_unpacked/action_json/00280453.json,5,images/0028/00280453_1.png | images/0028/00280453_3.png | images/0028/00280453_0.png | images/0028/00280453_2.png | images/0028/00280453_4.png,"0,1,2,3,4",26,13,4,6199.0,2,0.036958,low
random_stratified_overlap,00300613,00300613.json,evidence/videocad/samples/dataverse/action_json_unpacked/action_json/00300613.json,1,images/0030/00300613_2.png,2,28,14,4,6417.0,2,0.043755,low
random_stratified_overlap,00304236,00304236.json,evidence/videocad/samples/dataverse/action_json_unpacked/action_json/00304236.json,1,images/0030/00304236_3.png,3,44,22,4,6503.0,2,0.096309,low
random_stratified_overlap,00307780,00307780.json,evidence/videocad/samples/dataverse/action_json_unpacked/action_json/00307780.json,2,images/0030/00307780_3.png | images/0030/00307780_4.png,"3,4",28,14,4,5354.0,2,0.042584,low
random_stratified_overlap,00003419,00003419.json,evidence/videocad/samples/dataverse/action_json_unpacked/action_json/00003419.json,5,images/0000/00003419_1.png | images/0000/00003419_2.png | images/0000/00003419_3.png | images/0000/00003419_4.png | images/0000/00003419_0.png,"0,1,2,3,4",48,24,5,10290.0,3,0.201097,medium
random_stratified_overlap,00046338,00046338.json,evidence/videocad/samples/dataverse/action_json_unpacked/action_json/00046338.json,5,images/0004/00046338_2.png | images/0004/00046338_0.png | images/0004/00046338_1.png | images/0004/00046338_4.png | images/0004/00046338_3.png,"0,1,2,3,4",34,17,6,7490.0,2,0.21461,medium
random_stratified_overlap,00046343,00046343.json,evidence/videocad/samples/dataverse/action_json_unpacked/action_json/00046343.json,5,images/0004/00046343_2.png | images/0004/00046343_3.png | images/0004/00046343_1.png | images/0004/00046343_0.png | images/0004/00046343_4.png,"0,1,2,3,4",44,22,4,16435.0,2,0.107254,medium
random_stratified_overlap,00049578,00049578.json,evidence/videocad/samples/dataverse/action_json_unpacked/action_json/00049578.json,5,images/0004/00049578_1.png | images/0004/00049578_4.png | images/0004/00049578_2.png | images/0004/00049578_3.png | images/0004/00049578_0.png,"0,1,2,3,4",60,30,4,13691.0,5,0.194189,medium
random_stratified_overlap,00074959,00074959.json,evidence/videocad/samples/dataverse/action_json_unpacked/action_json/00074959.json,5,images/0007/00074959_2.png | images/0007/00074959_4.png | images/0007/00074959_0.png | images/0007/00074959_3.png | images/0007/00074959_1.png,"0,1,2,3,4",42,21,4,9639.0,3,0.105708,medium
random_stratified_overlap,00081523,00081523.json,evidence/videocad/samples/dataverse/action_json_unpacked/action_json/00081523.json,5,images/0008/00081523_2.png | images/0008/00081523_1.png | images/0008/00081523_3.png | images/0008/00081523_0.png | images/0008/00081523_4.png,"0,1,2,3,4",64,32,4,14042.0,4,0.195191,medium
random_stratified_overlap,00082715,00082715.json,evidence/videocad/samples/dataverse/action_json_unpacked/action_json/00082715.json,5,images/0008/00082715_4.png | images/0008/00082715_2.png | images/0008/00082715_0.png | images/0008/00082715_1.png | images/0008/00082715_3.png,"0,1,2,3,4",68,34,4,8517.0,2,0.177217,medium
random_stratified_overlap,00088043,00088043.json,evidence/videocad/samples/dataverse/action_json_unpacked/action_json/00088043.json,5,images/0008/00088043_3.png | images/0008/00088043_4.png | images/0008/00088043_1.png | images/0008/00088043_2.png | images/0008/00088043_0.png,"0,1,2,3,4",28,14,6,6357.0,2,0.193689,medium
random_stratified_overlap,00092238,00092238.json,evidence/videocad/samples/dataverse/action_json_unpacked/action_json/00092238.json,5,images/0009/00092238_2.png | images/0009/00092238_0.png | images/0009/00092238_3.png | images/0009/00092238_1.png | images/0009/00092238_4.png,"0,1,2,3,4",28,14,5,7135.0,2,0.119547,medium
random_stratified_overlap,00095756,00095756.json,evidence/videocad/samples/dataverse/action_json_unpacked/action_json/00095756.json,5,images/0009/00095756_3.png | images/0009/00095756_0.png | images/0009/00095756_2.png | images/0009/00095756_4.png | images/0009/00095756_1.png,"0,1,2,3,4",42,21,4,7509.0,3,0.10336,medium
random_stratified_overlap,00100850,00100850.json,evidence/videocad/samples/dataverse/action_json_unpacked/action_json/00100850.json,5,images/0010/00100850_0.png | images/0010/00100850_2.png | images/0010/00100850_1.png | images/0010/00100850_4.png | images/0010/00100850_3.png,"0,1,2,3,4",24,12,5,6230.0,2,0.105435,medium
random_stratified_overlap,00104186,00104186.json,evidence/videocad/samples/dataverse/action_json_unpacked/action_json/00104186.json,5,images/0010/00104186_4.png | images/0010/00104186_2.png | images/0010/00104186_1.png | images/0010/00104186_3.png | images/0010/00104186_0.png,"0,1,2,3,4",42,21,4,10251.0,3,0.106382,medium
random_stratified_overlap,00104633,00104633.json,evidence/videocad/samples/dataverse/action_json_unpacked/action_json/00104633.json,5,images/0010/00104633_0.png | images/0010/00104633_2.png | images/0010/00104633_1.png | images/0010/00104633_4.png | images/0010/00104633_3.png,"0,1,2,3,4",48,24,4,10999.0,2,0.114379,medium
random_stratified_overlap,00114186,00114186.json,evidence/videocad/samples/dataverse/action_json_unpacked/action_json/00114186.json,5,images/0011/00114186_0.png | images/0011/00114186_3.png | images/0011/00114186_1.png | images/0011/00114186_2.png | images/0011/00114186_4.png,"0,1,2,3,4",48,24,4,7169.0,2,0.110158,medium
random_stratified_overlap,00120156,00120156.json,evidence/videocad/samples/dataverse/action_json_unpacked/action_json/00120156.json,5,images/0012/00120156_0.png | images/0012/00120156_1.png | images/0012/00120156_4.png | images/0012/00120156_2.png | images/0012/00120156_3.png,"0,1,2,3,4",56,28,4,21268.0,4,0.176924,medium
random_stratified_overlap,00121929,00121929.json,evidence/videocad/samples/dataverse/action_json_unpacked/action_json/00121929.json,5,images/0012/00121929_4.png | images/0012/00121929_1.png | images/0012/00121929_2.png | images/0012/00121929_3.png | images/0012/00121929_0.png,"0,1,2,3,4",26,13,5,4762.0,2,0.110374,medium
random_stratified_overlap,00127197,00127197.json,evidence/videocad/samples/dataverse/action_json_unpacked/action_json/00127197.json,5,images/0012/00127197_0.png | images/0012/00127197_3.png | images/0012/00127197_2.png | images/0012/00127197_4.png | images/0012/00127197_1.png,"0,1,2,3,4",26,13,5,6692.0,2,0.112501,medium
random_stratified_overlap,00138015,00138015.json,evidence/videocad/samples/dataverse/action_json_unpacked/action_json/00138015.json,5,images/0013/00138015_3.png | images/0013/00138015_2.png | images/0013/00138015_4.png | images/0013/00138015_0.png | images/0013/00138015_1.png,"0,1,2,3,4",36,18,5,12535.0,2,0.151727,medium
random_stratified_overlap,00186725,00186725.json,evidence/videocad/samples/dataverse/action_json_unpacked/action_json/00186725.json,5,images/0018/00186725_1.png | images/0018/00186725_3.png | images/0018/00186725_2.png | images/0018/00186725_0.png | images/0018/00186725_4.png,"0,1,2,3,4",32,16,5,6793.0,2,0.132285,medium
random_stratified_overlap,00188402,00188402.json,evidence/videocad/samples/dataverse/action_json_unpacked/action_json/00188402.json,5,images/0018/00188402_0.png | images/0018/00188402_2.png | images/0018/00188402_4.png | images/0018/00188402_1.png | images/0018/00188402_3.png,"0,1,2,3,4",26,13,6,7035.0,2,0.187879,medium
random_stratified_overlap,00193666,00193666.json,evidence/videocad/samples/dataverse/action_json_unpacked/action_json/00193666.json,5,images/0019/00193666_1.png | images/0019/00193666_3.png | images/0019/00193666_2.png | images/0019/00193666_0.png | images/0019/00193666_4.png,"0,1,2,3,4",30,15,5,10934.0,3,0.142791,medium
random_stratified_overlap,00201110,00201110.json,evidence/videocad/samples/dataverse/action_json_unpacked/action_json/00201110.json,5,images/0020/00201110_0.png | images/0020/00201110_2.png | images/0020/00201110_4.png | images/0020/00201110_1.png | images/0020/00201110_3.png,"0,1,2,3,4",46,23,5,10720.0,5,0.220014,medium
random_stratified_overlap,00213577,00213577.json,evidence/videocad/samples/dataverse/action_json_unpacked/action_json/00213577.json,5,images/0021/00213577_3.png | images/0021/00213577_4.png | images/0021/00213577_1.png | images/0021/00213577_2.png | images/0021/00213577_0.png,"0,1,2,3,4",38,19,5,8721.0,3,0.166581,medium
random_stratified_overlap,00243015,00243015.json,evidence/videocad/samples/dataverse/action_json_unpacked/action_json/00243015.json,5,images/0024/00243015_2.png | images/0024/00243015_3.png | images/0024/00243015_4.png | images/0024/00243015_0.png | images/0024/00243015_1.png,"0,1,2,3,4",34,17,5,6209.0,2,0.138198,medium
random_stratified_overlap,00245418,00245418.json,evidence/videocad/samples/dataverse/action_json_unpacked/action_json/00245418.json,5,images/0024/00245418_4.png | images/0024/00245418_0.png | images/0024/00245418_1.png | images/0024/00245418_3.png | images/0024/00245418_2.png,"0,1,2,3,4",50,25,5,9505.0,4,0.21929,medium
random_stratified_overlap,00256790,00256790.json,evidence/videocad/samples/dataverse/action_json_unpacked/action_json/00256790.json,5,images/0025/00256790_2.png | images/0025/00256790_4.png | images/0025/00256790_1.png | images/0025/00256790_3.png | images/0025/00256790_0.png,"0,1,2,3,4",44,22,5,9460.0,2,0.174568,medium
random_stratified_overlap,00264592,00264592.json,evidence/videocad/samples/dataverse/action_json_unpacked/action_json/00264592.json,5,images/0026/00264592_3.png | images/0026/00264592_0.png | images/0026/00264592_1.png | images/0026/00264592_2.png | images/0026/00264592_4.png,"0,1,2,3,4",36,18,5,10698.0,3,0.162203,medium
random_stratified_overlap,00268672,00268672.json,evidence/videocad/samples/dataverse/action_json_unpacked/action_json/00268672.json,5,images/0026/00268672_0.png | images/0026/00268672_3.png | images/0026/00268672_4.png | images/0026/00268672_2.png | images/0026/00268672_1.png,"0,1,2,3,4",42,21,4,8823.0,3,0.104808,medium
random_stratified_overlap,00285795,00285795.json,evidence/videocad/samples/dataverse/action_json_unpacked/action_json/00285795.json,5,images/0028/00285795_2.png | images/0028/00285795_1.png | images/0028/00285795_0.png | images/0028/00285795_3.png | images/0028/00285795_4.png,"0,1,2,3,4",56,28,4,13786.0,4,0.168679,medium
random_stratified_overlap,00288360,00288360.json,evidence/videocad/samples/dataverse/action_json_unpacked/action_json/00288360.json,5,images/0028/00288360_0.png | images/0028/00288360_1.png | images/0028/00288360_2.png | images/0028/00288360_3.png | images/0028/00288360_4.png,"0,1,2,3,4",60,30,4,11820.0,2,0.154628,medium
random_stratified_overlap,00017901,00017901.json,evidence/videocad/samples/dataverse/action_json_unpacked/action_json/00017901.json,5,images/0001/00017901_0.png | images/0001/00017901_4.png | images/0001/00017901_1.png | images/0001/00017901_2.png | images/0001/00017901_3.png,"0,1,2,3,4",78,39,4,24391.0,5,0.264997,high
random_stratified_overlap,00022095,00022095.json,evidence/videocad/samples/dataverse/action_json_unpacked/action_json/00022095.json,4,images/0002/00022095_1.png | images/0002/00022095_2.png | images/0002/00022095_3.png | images/0002/00022095_0.png,"0,1,2,3",60,30,5,19297.0,6,0.287867,high
random_stratified_overlap,00036459,00036459.json,evidence/videocad/samples/dataverse/action_json_unpacked/action_json/00036459.json,5,images/0003/00036459_3.png | images/0003/00036459_1.png | images/0003/00036459_4.png | images/0003/00036459_0.png | images/0003/00036459_2.png,"0,1,2,3,4",52,26,6,10639.0,3,0.289597,high
random_stratified_overlap,00044636,00044636.json,evidence/videocad/samples/dataverse/action_json_unpacked/action_json/00044636.json,5,images/0004/00044636_2.png | images/0004/00044636_4.png | images/0004/00044636_3.png | images/0004/00044636_0.png | images/0004/00044636_1.png,"0,1,2,3,4",54,27,6,9804.0,3,0.295234,high
random_stratified_overlap,00051244,00051244.json,evidence/videocad/samples/dataverse/action_json_unpacked/action_json/00051244.json,5,images/0005/00051244_1.png | images/0005/00051244_3.png | images/0005/00051244_0.png | images/0005/00051244_4.png | images/0005/00051244_2.png,"0,1,2,3,4",98,49,4,15722.0,5,0.321018,high
random_stratified_overlap,00051903,00051903.json,evidence/videocad/samples/dataverse/action_json_unpacked/action_json/00051903.json,5,images/0005/00051903_2.png | images/0005/00051903_4.png | images/0005/00051903_0.png | images/0005/00051903_1.png | images/0005/00051903_3.png,"0,1,2,3,4",122,61,6,32788.0,8,0.606013,high
random_stratified_overlap,00053903,00053903.json,evidence/videocad/samples/dataverse/action_json_unpacked/action_json/00053903.json,5,images/0005/00053903_1.png | images/0005/00053903_4.png | images/0005/00053903_2.png | images/0005/00053903_0.png | images/0005/00053903_3.png,"0,1,2,3,4",60,30,5,13023.0,5,0.268453,high
random_stratified_overlap,00055496,00055496.json,evidence/videocad/samples/dataverse/action_json_unpacked/action_json/00055496.json,5,images/0005/00055496_2.png | images/0005/00055496_0.png | images/0005/00055496_1.png | images/0005/00055496_3.png | images/0005/00055496_4.png,"0,1,2,3,4",76,38,5,16110.0,6,0.336814,high
random_stratified_overlap,00055575,00055575.json,evidence/videocad/samples/dataverse/action_json_unpacked/action_json/00055575.json,5,images/0005/00055575_4.png | images/0005/00055575_3.png | images/0005/00055575_0.png | images/0005/00055575_1.png | images/0005/00055575_2.png,"0,1,2,3,4",54,27,5,12644.0,5,0.248363,high
random_stratified_overlap,00059492,00059492.json,evidence/videocad/samples/dataverse/action_json_unpacked/action_json/00059492.json,5,images/0005/00059492_1.png | images/0005/00059492_2.png | images/0005/00059492_4.png | images/0005/00059492_3.png | images/0005/00059492_0.png,"0,1,2,3,4",76,38,4,11868.0,4,0.232139,high
random_stratified_overlap,00060659,00060659.json,evidence/videocad/samples/dataverse/action_json_unpacked/action_json/00060659.json,5,images/0006/00060659_0.png | images/0006/00060659_1.png | images/0006/00060659_3.png | images/0006/00060659_4.png | images/0006/00060659_2.png,"0,1,2,3,4",62,31,6,17203.0,3,0.329617,high
random_stratified_overlap,00081365,00081365.json,evidence/videocad/samples/dataverse/action_json_unpacked/action_json/00081365.json,5,images/0008/00081365_0.png | images/0008/00081365_1.png | images/0008/00081365_4.png | images/0008/00081365_3.png | images/0008/00081365_2.png,"0,1,2,3,4",56,28,5,13258.0,4,0.243097,high
random_stratified_overlap,00086781,00086781.json,evidence/videocad/samples/dataverse/action_json_unpacked/action_json/00086781.json,5,images/0008/00086781_0.png | images/0008/00086781_1.png | images/0008/00086781_3.png | images/0008/00086781_2.png | images/0008/00086781_4.png,"0,1,2,3,4",86,43,4,13367.0,5,0.279078,high
random_stratified_overlap,00088077,00088077.json,evidence/videocad/samples/dataverse/action_json_unpacked/action_json/00088077.json,5,images/0008/00088077_0.png | images/0008/00088077_1.png | images/0008/00088077_2.png | images/0008/00088077_3.png | images/0008/00088077_4.png,"0,1,2,3,4",86,43,5,16078.0,4,0.344566,high
random_stratified_overlap,00101548,00101548.json,evidence/videocad/samples/dataverse/action_json_unpacked/action_json/00101548.json,5,images/0010/00101548_0.png | images/0010/00101548_3.png | images/0010/00101548_4.png | images/0010/00101548_2.png | images/0010/00101548_1.png,"0,1,2,3,4",40,20,6,9738.0,3,0.249259,high
random_stratified_overlap,00103974,00103974.json,evidence/videocad/samples/dataverse/action_json_unpacked/action_json/00103974.json,5,images/0010/00103974_2.png | images/0010/00103974_3.png | images/0010/00103974_4.png | images/0010/00103974_0.png | images/0010/00103974_1.png,"0,1,2,3,4",64,32,6,22090.0,5,0.36656,high
random_stratified_overlap,00105196,00105196.json,evidence/videocad/samples/dataverse/action_json_unpacked/action_json/00105196.json,5,images/0010/00105196_3.png | images/0010/00105196_1.png | images/0010/00105196_4.png | images/0010/00105196_2.png | images/0010/00105196_0.png,"0,1,2,3,4",38,19,6,9386.0,3,0.242314,high
random_stratified_overlap,00114888,00114888.json,evidence/videocad/samples/dataverse/action_json_unpacked/action_json/00114888.json,5,images/0011/00114888_1.png | images/0011/00114888_2.png | images/0011/00114888_3.png | images/0011/00114888_0.png | images/0011/00114888_4.png,"0,1,2,3,4",82,41,4,15842.0,5,0.268691,high
random_stratified_overlap,00153996,00153996.json,evidence/videocad/samples/dataverse/action_json_unpacked/action_json/00153996.json,5,images/0015/00153996_2.png | images/0015/00153996_3.png | images/0015/00153996_4.png | images/0015/00153996_1.png | images/0015/00153996_0.png,"0,1,2,3,4",106,53,6,39301.0,3,0.498231,high
random_stratified_overlap,00154747,00154747.json,evidence/videocad/samples/dataverse/action_json_unpacked/action_json/00154747.json,5,images/0015/00154747_0.png | images/0015/00154747_4.png | images/0015/00154747_1.png | images/0015/00154747_2.png | images/0015/00154747_3.png,"0,1,2,3,4",64,32,6,21775.0,6,0.378712,high
random_stratified_overlap,00163488,00163488.json,evidence/videocad/samples/dataverse/action_json_unpacked/action_json/00163488.json,5,images/0016/00163488_2.png | images/0016/00163488_4.png | images/0016/00163488_0.png | images/0016/00163488_3.png | images/0016/00163488_1.png,"0,1,2,3,4",60,30,5,22879.0,3,0.254314,high
random_stratified_overlap,00187843,00187843.json,evidence/videocad/samples/dataverse/action_json_unpacked/action_json/00187843.json,5,images/0018/00187843_3.png | images/0018/00187843_1.png | images/0018/00187843_4.png | images/0018/00187843_2.png | images/0018/00187843_0.png,"0,1,2,3,4",66,33,6,14126.0,4,0.351841,high
random_stratified_overlap,00191706,00191706.json,evidence/videocad/samples/dataverse/action_json_unpacked/action_json/00191706.json,5,images/0019/00191706_3.png | images/0019/00191706_2.png | images/0019/00191706_0.png | images/0019/00191706_1.png | images/0019/00191706_4.png,"0,1,2,3,4",48,24,5,22200.0,4,0.226722,high
random_stratified_overlap,00197754,00197754.json,evidence/videocad/samples/dataverse/action_json_unpacked/action_json/00197754.json,5,images/0019/00197754_0.png | images/0019/00197754_2.png | images/0019/00197754_1.png | images/0019/00197754_3.png | images/0019/00197754_4.png,"0,1,2,3,4",94,47,4,27245.0,3,0.295601,high
random_stratified_overlap,00200803,00200803.json,evidence/videocad/samples/dataverse/action_json_unpacked/action_json/00200803.json,5,images/0020/00200803_0.png | images/0020/00200803_2.png | images/0020/00200803_3.png | images/0020/00200803_4.png | images/0020/00200803_1.png,"0,1,2,3,4",78,39,6,38205.0,6,0.44272,high
random_stratified_overlap,00242816,00242816.json,evidence/videocad/samples/dataverse/action_json_unpacked/action_json/00242816.json,5,images/0024/00242816_4.png | images/0024/00242816_2.png | images/0024/00242816_1.png | images/0024/00242816_0.png | images/0024/00242816_3.png,"0,1,2,3,4",80,40,5,11620.0,3,0.307481,high
random_stratified_overlap,00264335,00264335.json,evidence/videocad/samples/dataverse/action_json_unpacked/action_json/00264335.json,5,images/0026/00264335_3.png | images/0026/00264335_1.png | images/0026/00264335_0.png | images/0026/00264335_2.png | images/0026/00264335_4.png,"0,1,2,3,4",118,59,4,17498.0,5,0.388549,high
random_stratified_overlap,00269473,00269473.json,evidence/videocad/samples/dataverse/action_json_unpacked/action_json/00269473.json,5,images/0026/00269473_2.png | images/0026/00269473_3.png | images/0026/00269473_1.png | images/0026/00269473_0.png | images/0026/00269473_4.png,"0,1,2,3,4",64,32,6,14481.0,4,0.345675,high
random_stratified_overlap,00271858,00271858.json,evidence/videocad/samples/dataverse/action_json_unpacked/action_json/00271858.json,5,images/0027/00271858_0.png | images/0027/00271858_1.png | images/0027/00271858_2.png | images/0027/00271858_3.png | images/0027/00271858_4.png,"0,1,2,3,4",80,40,5,14061.0,4,0.322671,high
random_stratified_overlap,00305978,00305978.json,evidence/videocad/samples/dataverse/action_json_unpacked/action_json/00305978.json,2,images/0030/00305978_1.png | images/0030/00305978_4.png,"1,4",90,45,5,37790.0,9,0.444107,high
top15_overlap_high,00161424,00161424.json,evidence/videocad/samples/dataverse/action_json_unpacked/action_json/00161424.json,5,images/0016/00161424_0.png | images/0016/00161424_2.png | images/0016/00161424_1.png | images/0016/00161424_3.png | images/0016/00161424_4.png,"0,1,2,3,4",136,68,6,47299.0,9,0.680405,high
top15_overlap_high,00085031,00085031.json,evidence/videocad/samples/dataverse/action_json_unpacked/action_json/00085031.json,5,images/0008/00085031_2.png | images/0008/00085031_1.png | images/0008/00085031_4.png | images/0008/00085031_3.png | images/0008/00085031_0.png,"0,1,2,3,4",126,63,6,53161.0,10,0.666578,high
top15_overlap_high,00026987,00026987.json,evidence/videocad/samples/dataverse/action_json_unpacked/action_json/00026987.json,4,images/0002/00026987_0.png | images/0002/00026987_1.png | images/0002/00026987_2.png | images/0002/00026987_3.png,"0,1,2,3",132,66,6,34649.0,10,0.66585,high
top15_overlap_high,00240998,00240998.json,evidence/videocad/samples/dataverse/action_json_unpacked/action_json/00240998.json,5,images/0024/00240998_2.png | images/0024/00240998_4.png | images/0024/00240998_0.png | images/0024/00240998_1.png | images/0024/00240998_3.png,"0,1,2,3,4",134,67,6,37946.0,9,0.663541,high
top15_overlap_high,00075025,00075025.json,evidence/videocad/samples/dataverse/action_json_unpacked/action_json/00075025.json,5,images/0007/00075025_0.png | images/0007/00075025_4.png | images/0007/00075025_3.png | images/0007/00075025_2.png | images/0007/00075025_1.png,"0,1,2,3,4",132,66,6,42705.0,9,0.662228,high
top15_overlap_high,00262583,00262583.json,evidence/videocad/samples/dataverse/action_json_unpacked/action_json/00262583.json,5,images/0026/00262583_4.png | images/0026/00262583_0.png | images/0026/00262583_2.png | images/0026/00262583_1.png | images/0026/00262583_3.png,"0,1,2,3,4",130,65,6,36974.0,10,0.661855,high
top15_overlap_high,00059835,00059835.json,evidence/videocad/samples/dataverse/action_json_unpacked/action_json/00059835.json,5,images/0005/00059835_2.png | images/0005/00059835_1.png | images/0005/00059835_0.png | images/0005/00059835_3.png | images/0005/00059835_4.png,"0,1,2,3,4",134,67,6,34914.0,9,0.6602,high
top15_overlap_high,00130467,00130467.json,evidence/videocad/samples/dataverse/action_json_unpacked/action_json/00130467.json,5,images/0013/00130467_2.png | images/0013/00130467_4.png | images/0013/00130467_1.png | images/0013/00130467_0.png | images/0013/00130467_3.png,"0,1,2,3,4",132,66,6,33891.0,9,0.652515,high
top15_overlap_high,00193778,00193778.json,evidence/videocad/samples/dataverse/action_json_unpacked/action_json/00193778.json,5,images/0019/00193778_2.png | images/0019/00193778_0.png | images/0019/00193778_1.png | images/0019/00193778_3.png | images/0019/00193778_4.png,"0,1,2,3,4",130,65,6,36686.0,9,0.649038,high
top15_overlap_high,00076822,00076822.json,evidence/videocad/samples/dataverse/action_json_unpacked/action_json/00076822.json,5,images/0007/00076822_0.png | images/0007/00076822_1.png | images/0007/00076822_4.png | images/0007/00076822_2.png | images/0007/00076822_3.png,"0,1,2,3,4",126,63,6,44697.0,9,0.644751,high
top15_overlap_high,00157302,00157302.json,evidence/videocad/samples/dataverse/action_json_unpacked/action_json/00157302.json,5,images/0015/00157302_1.png | images/0015/00157302_2.png | images/0015/00157302_3.png | images/0015/00157302_4.png | images/0015/00157302_0.png,"0,1,2,3,4",126,63,6,54155.0,8,0.642673,high
top15_overlap_high,00195000,00195000.json,evidence/videocad/samples/dataverse/action_json_unpacked/action_json/00195000.json,5,images/0019/00195000_3.png | images/0019/00195000_0.png | images/0019/00195000_2.png | images/0019/00195000_4.png | images/0019/00195000_1.png,"0,1,2,3,4",128,64,6,36573.0,9,0.642356,high
top15_overlap_high,00267506,00267506.json,evidence/videocad/samples/dataverse/action_json_unpacked/action_json/00267506.json,5,images/0026/00267506_3.png | images/0026/00267506_0.png | images/0026/00267506_1.png | images/0026/00267506_2.png | images/0026/00267506_4.png,"0,1,2,3,4",124,62,6,36451.0,10,0.641606,high
top15_overlap_high,00184696,00184696.json,evidence/videocad/samples/dataverse/action_json_unpacked/action_json/00184696.json,5,images/0018/00184696_4.png | images/0018/00184696_0.png | images/0018/00184696_3.png | images/0018/00184696_1.png | images/0018/00184696_2.png,"0,1,2,3,4",132,66,6,35074.0,8,0.641319,high
top15_overlap_high,00081512,00081512.json,evidence/videocad/samples/dataverse/action_json_unpacked/action_json/00081512.json,5,images/0008/00081512_4.png | images/0008/00081512_0.png | images/0008/00081512_2.png | images/0008/00081512_1.png | images/0008/00081512_3.png,"0,1,2,3,4",128,64,6,35463.0,9,0.641132,high
top15_overlap_medium,00053961,00053961.json,evidence/videocad/samples/dataverse/action_json_unpacked/action_json/00053961.json,5,images/0005/00053961_1.png | images/0005/00053961_2.png | images/0005/00053961_3.png | images/0005/00053961_0.png | images/0005/00053961_4.png,"0,1,2,3,4",46,23,5,16676.0,5,0.226577,medium
top15_overlap_medium,00160917,00160917.json,evidence/videocad/samples/dataverse/action_json_unpacked/action_json/00160917.json,5,images/0016/00160917_2.png | images/0016/00160917_0.png | images/0016/00160917_1.png | images/0016/00160917_3.png | images/0016/00160917_4.png,"0,1,2,3,4",46,23,5,16660.0,5,0.226559,medium
top15_overlap_medium,00180834,00180834.json,evidence/videocad/samples/dataverse/action_json_unpacked/action_json/00180834.json,5,images/0018/00180834_0.png | images/0018/00180834_1.png | images/0018/00180834_3.png | images/0018/00180834_2.png | images/0018/00180834_4.png,"0,1,2,3,4",48,24,5,22043.0,4,0.226549,medium
top15_overlap_medium,00281353,00281353.json,evidence/videocad/samples/dataverse/action_json_unpacked/action_json/00281353.json,5,images/0028/00281353_2.png | images/0028/00281353_0.png | images/0028/00281353_1.png | images/0028/00281353_3.png | images/0028/00281353_4.png,"0,1,2,3,4",68,34,4,19222.0,5,0.226514,medium
top15_overlap_medium,00020408,00020408.json,evidence/videocad/samples/dataverse/action_json_unpacked/action_json/00020408.json,5,images/0002/00020408_3.png | images/0002/00020408_1.png | images/0002/00020408_0.png | images/0002/00020408_2.png | images/0002/00020408_4.png,"0,1,2,3,4",70,35,4,13259.0,5,0.2265,medium
top15_overlap_medium,00200338,00200338.json,evidence/videocad/samples/dataverse/action_json_unpacked/action_json/00200338.json,5,images/0020/00200338_3.png | images/0020/00200338_4.png | images/0020/00200338_0.png | images/0020/00200338_1.png | images/0020/00200338_2.png,"0,1,2,3,4",46,23,5,16583.0,5,0.226475,medium
top15_overlap_medium,00097840,00097840.json,evidence/videocad/samples/dataverse/action_json_unpacked/action_json/00097840.json,5,images/0009/00097840_0.png | images/0009/00097840_2.png | images/0009/00097840_3.png | images/0009/00097840_4.png | images/0009/00097840_1.png,"0,1,2,3,4",70,35,4,13235.0,5,0.226474,medium
top15_overlap_medium,00005929,00005929.json,evidence/videocad/samples/dataverse/action_json_unpacked/action_json/00005929.json,5,images/0000/00005929_1.png | images/0000/00005929_2.png | images/0000/00005929_3.png | images/0000/00005929_0.png | images/0000/00005929_4.png,"0,1,2,3,4",46,23,5,16495.0,5,0.226378,medium
top15_overlap_medium,00193926,00193926.json,evidence/videocad/samples/dataverse/action_json_unpacked/action_json/00193926.json,5,images/0019/00193926_4.png | images/0019/00193926_0.png | images/0019/00193926_3.png | images/0019/00193926_1.png | images/0019/00193926_2.png,"0,1,2,3,4",70,35,4,13132.0,5,0.22636,medium
top15_overlap_medium,00071628,00071628.json,evidence/videocad/samples/dataverse/action_json_unpacked/action_json/00071628.json,5,images/0007/00071628_1.png | images/0007/00071628_2.png | images/0007/00071628_3.png | images/0007/00071628_4.png | images/0007/00071628_0.png,"0,1,2,3,4",46,23,5,16446.0,5,0.226324,medium
top15_overlap_medium,00207361,00207361.json,evidence/videocad/samples/dataverse/action_json_unpacked/action_json/00207361.json,5,images/0020/00207361_1.png | images/0020/00207361_3.png | images/0020/00207361_0.png | images/0020/00207361_2.png | images/0020/00207361_4.png,"0,1,2,3,4",60,30,5,8807.0,2,0.226307,medium
top15_overlap_medium,00082889,00082889.json,evidence/videocad/samples/dataverse/action_json_unpacked/action_json/00082889.json,5,images/0008/00082889_2.png | images/0008/00082889_0.png | images/0008/00082889_1.png | images/0008/00082889_3.png | images/0008/00082889_4.png,"0,1,2,3,4",70,35,4,13060.0,5,0.226281,medium
top15_overlap_medium,00137666,00137666.json,evidence/videocad/samples/dataverse/action_json_unpacked/action_json/00137666.json,5,images/0013/00137666_3.png | images/0013/00137666_2.png | images/0013/00137666_0.png | images/0013/00137666_1.png | images/0013/00137666_4.png,"0,1,2,3,4",70,35,4,12971.0,5,0.226183,medium
top15_overlap_medium,00142801,00142801.json,evidence/videocad/samples/dataverse/action_json_unpacked/action_json/00142801.json,5,images/0014/00142801_0.png | images/0014/00142801_1.png | images/0014/00142801_2.png | images/0014/00142801_3.png | images/0014/00142801_4.png,"0,1,2,3,4",46,23,5,16311.0,5,0.226175,medium
top15_overlap_medium,00257792,00257792.json,evidence/videocad/samples/dataverse/action_json_unpacked/action_json/00257792.json,5,images/0025/00257792_0.png | images/0025/00257792_1.png | images/0025/00257792_3.png | images/0025/00257792_2.png | images/0025/00257792_4.png,"0,1,2,3,4",72,36,4,18356.0,4,0.226174,medium
top15_overlap_low,00284851,00284851.json,evidence/videocad/samples/dataverse/action_json_unpacked/action_json/00284851.json,5,images/0028/00284851_4.png | images/0028/00284851_2.png | images/0028/00284851_3.png | images/0028/00284851_1.png | images/0028/00284851_0.png,"0,1,2,3,4",40,20,4,10258.0,3,0.099832,low
top15_overlap_low,00186673,00186673.json,evidence/videocad/samples/dataverse/action_json_unpacked/action_json/00186673.json,5,images/0018/00186673_0.png | images/0018/00186673_2.png | images/0018/00186673_4.png | images/0018/00186673_1.png | images/0018/00186673_3.png,"0,1,2,3,4",22,11,5,7093.0,2,0.099828,low
top15_overlap_low,00026674,00026674.json,evidence/videocad/samples/dataverse/action_json_unpacked/action_json/00026674.json,3,images/0002/00026674_0.png | images/0002/00026674_2.png | images/0002/00026674_3.png,"0,2,3",22,11,5,7091.0,2,0.099826,low
top15_overlap_low,00245394,00245394.json,evidence/videocad/samples/dataverse/action_json_unpacked/action_json/00245394.json,5,images/0024/00245394_2.png | images/0024/00245394_0.png | images/0024/00245394_3.png | images/0024/00245394_4.png | images/0024/00245394_1.png,"0,1,2,3,4",22,11,5,7080.0,2,0.099814,low
top15_overlap_low,00102043,00102043.json,evidence/videocad/samples/dataverse/action_json_unpacked/action_json/00102043.json,5,images/0010/00102043_2.png | images/0010/00102043_1.png | images/0010/00102043_3.png | images/0010/00102043_0.png | images/0010/00102043_4.png,"0,1,2,3,4",40,20,4,10238.0,3,0.09981,low
top15_overlap_low,00059107,00059107.json,evidence/videocad/samples/dataverse/action_json_unpacked/action_json/00059107.json,5,images/0005/00059107_0.png | images/0005/00059107_2.png | images/0005/00059107_3.png | images/0005/00059107_4.png | images/0005/00059107_1.png,"0,1,2,3,4",40,20,4,10208.0,3,0.099777,low
top15_overlap_low,00103773,00103773.json,evidence/videocad/samples/dataverse/action_json_unpacked/action_json/00103773.json,5,images/0010/00103773_0.png | images/0010/00103773_1.png | images/0010/00103773_3.png | images/0010/00103773_4.png | images/0010/00103773_2.png,"0,1,2,3,4",22,11,5,7044.0,2,0.099774,low
top15_overlap_low,00168282,00168282.json,evidence/videocad/samples/dataverse/action_json_unpacked/action_json/00168282.json,5,images/0016/00168282_2.png | images/0016/00168282_4.png | images/0016/00168282_0.png | images/0016/00168282_1.png | images/0016/00168282_3.png,"0,1,2,3,4",22,11,5,7043.0,2,0.099773,low
top15_overlap_low,00168272,00168272.json,evidence/videocad/samples/dataverse/action_json_unpacked/action_json/00168272.json,5,images/0016/00168272_2.png | images/0016/00168272_0.png | images/0016/00168272_1.png | images/0016/00168272_4.png | images/0016/00168272_3.png,"0,1,2,3,4",22,11,5,7022.0,2,0.09975,low
top15_overlap_low,00167277,00167277.json,evidence/videocad/samples/dataverse/action_json_unpacked/action_json/00167277.json,5,images/0016/00167277_0.png | images/0016/00167277_4.png | images/0016/00167277_1.png | images/0016/00167277_3.png | images/0016/00167277_2.png,"0,1,2,3,4",22,11,5,7004.0,2,0.09973,low
top15_overlap_low,00009998,00009998.json,evidence/videocad/samples/dataverse/action_json_unpacked/action_json/00009998.json,5,images/0000/00009998_0.png | images/0000/00009998_2.png | images/0000/00009998_3.png | images/0000/00009998_1.png | images/0000/00009998_4.png,"0,1,2,3,4",22,11,5,6983.0,2,0.099707,low
top15_overlap_low,00101646,00101646.json,evidence/videocad/samples/dataverse/action_json_unpacked/action_json/00101646.json,5,images/0010/00101646_0.png | images/0010/00101646_2.png | images/0010/00101646_3.png | images/0010/00101646_4.png | images/0010/00101646_1.png,"0,1,2,3,4",40,20,4,10140.0,3,0.099702,low
top15_overlap_low,00217549,00217549.json,evidence/videocad/samples/dataverse/action_json_unpacked/action_json/00217549.json,5,images/0021/00217549_3.png | images/0021/00217549_4.png | images/0021/00217549_0.png | images/0021/00217549_2.png | images/0021/00217549_1.png,"0,1,2,3,4",22,11,5,6965.0,2,0.099687,low
top15_overlap_low,00183884,00183884.json,evidence/videocad/samples/dataverse/action_json_unpacked/action_json/00183884.json,5,images/0018/00183884_0.png | images/0018/00183884_4.png | images/0018/00183884_1.png | images/0018/00183884_3.png | images/0018/00183884_2.png,"0,1,2,3,4",22,11,5,6963.0,2,0.099685,low
top15_overlap_low,00183333,00183333.json,evidence/videocad/samples/dataverse/action_json_unpacked/action_json/00183333.json,5,images/0018/00183333_2.png | images/0018/00183333_1.png | images/0018/00183333_0.png | images/0018/00183333_4.png | images/0018/00183333_3.png,"0,1,2,3,4",22,11,5,6957.0,2,0.099678,low
