sample_group,sample_id,action_json_file,action_json_path,event_count,pair_count,unique_action_count,span_ms,line_pair_count,sketch_pair_count,curve_pair_count,extrusion_pair_count,complexity_score,complexity_label
confirm_set_600,00012995,00012995.json,evidence/videocad/samples/dataverse/action_json_unpacked/action_json/00012995.json,40,20,4,8704.0,14,2,2,2,0.08562,low
confirm_set_600,00017383,00017383.json,evidence/videocad/samples/dataverse/action_json_unpacked/action_json/00017383.json,20,10,4,4897.0,0,3,2,2,0.015851,low
confirm_set_600,00036371,00036371.json,evidence/videocad/samples/dataverse/action_json_unpacked/action_json/00036371.json,32,16,4,6073.0,10,2,2,2,0.056491,low
confirm_set_600,00047970,00047970.json,evidence/videocad/samples/dataverse/action_json_unpacked/action_json/00047970.json,28,14,4,6283.0,8,2,2,2,0.043608,low
confirm_set_600,00048499,00048499.json,evidence/videocad/samples/dataverse/action_json_unpacked/action_json/00048499.json,28,14,4,4917.0,8,2,2,2,0.042103,low
confirm_set_600,00051124,00051124.json,evidence/videocad/samples/dataverse/action_json_unpacked/action_json/00051124.json,28,14,4,7730.0,8,2,2,2,0.045202,low
confirm_set_600,00051216,00051216.json,evidence/videocad/samples/dataverse/action_json_unpacked/action_json/00051216.json,22,11,5,6312.0,4,2,2,2,0.098968,low
confirm_set_600,00052174,00052174.json,evidence/videocad/samples/dataverse/action_json_unpacked/action_json/00052174.json,28,14,4,7953.0,0,4,3,3,0.057948,low
confirm_set_600,00071254,00071254.json,evidence/videocad/samples/dataverse/action_json_unpacked/action_json/00071254.json,20,10,4,6472.0,0,3,2,2,0.017587,low
confirm_set_600,00080137,00080137.json,evidence/videocad/samples/dataverse/action_json_unpacked/action_json/00080137.json,24,12,4,5438.0,0,4,2,2,0.029562,low
confirm_set_600,00080304,00080304.json,evidence/videocad/samples/dataverse/action_json_unpacked/action_json/00080304.json,24,12,4,5470.0,0,4,2,2,0.029597,low
confirm_set_600,00080605,00080605.json,evidence/videocad/samples/dataverse/action_json_unpacked/action_json/00080605.json,24,12,4,5938.0,0,4,2,2,0.030113,low
confirm_set_600,00082960,00082960.json,evidence/videocad/samples/dataverse/action_json_unpacked/action_json/00082960.json,28,14,4,6205.0,8,2,2,2,0.043522,low
confirm_set_600,00086270,00086270.json,evidence/videocad/samples/dataverse/action_json_unpacked/action_json/00086270.json,20,10,4,5194.0,0,3,2,2,0.016178,low
confirm_set_600,00086846,00086846.json,evidence/videocad/samples/dataverse/action_json_unpacked/action_json/00086846.json,24,12,4,4921.0,0,4,2,2,0.028992,low
confirm_set_600,00090002,00090002.json,evidence/videocad/samples/dataverse/action_json_unpacked/action_json/00090002.json,28,14,4,5204.0,8,2,2,2,0.042419,low
confirm_set_600,00095450,00095450.json,evidence/videocad/samples/dataverse/action_json_unpacked/action_json/00095450.json,38,19,4,13150.0,12,3,2,2,0.083962,low
confirm_set_600,00095632,00095632.json,evidence/videocad/samples/dataverse/action_json_unpacked/action_json/00095632.json,20,10,4,4705.0,0,3,2,2,0.015639,low
confirm_set_600,00095875,00095875.json,evidence/videocad/samples/dataverse/action_json_unpacked/action_json/00095875.json,28,14,4,4683.0,8,2,2,2,0.041845,low
confirm_set_600,00099764,00099764.json,evidence/videocad/samples/dataverse/action_json_unpacked/action_json/00099764.json,16,8,4,4987.0,0,2,2,2,0.002835,low
confirm_set_600,00101473,00101473.json,evidence/videocad/samples/dataverse/action_json_unpacked/action_json/00101473.json,44,22,4,7244.0,16,2,2,2,0.097126,low
confirm_set_600,00105310,00105310.json,evidence/videocad/samples/dataverse/action_json_unpacked/action_json/00105310.json,16,8,4,5816.0,0,2,2,2,0.003749,low
confirm_set_600,00110718,00110718.json,evidence/videocad/samples/dataverse/action_json_unpacked/action_json/00110718.json,36,18,4,11209.0,0,6,3,3,0.087766,low
confirm_set_600,00116317,00116317.json,evidence/videocad/samples/dataverse/action_json_unpacked/action_json/00116317.json,22,11,5,6159.0,4,2,2,2,0.098799,low
confirm_set_600,00116924,00116924.json,evidence/videocad/samples/dataverse/action_json_unpacked/action_json/00116924.json,20,10,4,4961.0,0,3,2,2,0.015921,low
confirm_set_600,00120032,00120032.json,evidence/videocad/samples/dataverse/action_json_unpacked/action_json/00120032.json,32,16,4,6099.0,10,2,2,2,0.05652,low
confirm_set_600,00125748,00125748.json,evidence/videocad/samples/dataverse/action_json_unpacked/action_json/00125748.json,28,14,4,4822.0,8,2,2,2,0.041998,low
confirm_set_600,00125825,00125825.json,evidence/videocad/samples/dataverse/action_json_unpacked/action_json/00125825.json,16,8,4,3837.0,0,2,2,2,0.001568,low
confirm_set_600,00127330,00127330.json,evidence/videocad/samples/dataverse/action_json_unpacked/action_json/00127330.json,20,10,4,4257.0,0,3,2,2,0.015146,low
confirm_set_600,00127464,00127464.json,evidence/videocad/samples/dataverse/action_json_unpacked/action_json/00127464.json,22,11,5,5406.0,4,2,2,2,0.097969,low
confirm_set_600,00128738,00128738.json,evidence/videocad/samples/dataverse/action_json_unpacked/action_json/00128738.json,24,12,4,7207.0,0,3,3,3,0.044011,low
confirm_set_600,00134610,00134610.json,evidence/videocad/samples/dataverse/action_json_unpacked/action_json/00134610.json,16,8,4,4309.0,0,2,2,2,0.002088,low
confirm_set_600,00135679,00135679.json,evidence/videocad/samples/dataverse/action_json_unpacked/action_json/00135679.json,20,10,4,4603.0,0,3,2,2,0.015527,low
confirm_set_600,00137087,00137087.json,evidence/videocad/samples/dataverse/action_json_unpacked/action_json/00137087.json,28,14,4,5477.0,8,2,2,2,0.04272,low
confirm_set_600,00140052,00140052.json,evidence/videocad/samples/dataverse/action_json_unpacked/action_json/00140052.json,36,18,4,7363.0,0,6,3,3,0.083527,low
confirm_set_600,00140889,00140889.json,evidence/videocad/samples/dataverse/action_json_unpacked/action_json/00140889.json,24,12,4,5710.0,0,4,2,2,0.029862,low
confirm_set_600,00151282,00151282.json,evidence/videocad/samples/dataverse/action_json_unpacked/action_json/00151282.json,16,8,4,5467.0,0,2,2,2,0.003364,low
confirm_set_600,00166751,00166751.json,evidence/videocad/samples/dataverse/action_json_unpacked/action_json/00166751.json,28,14,4,7390.0,8,2,2,2,0.044828,low
confirm_set_600,00188088,00188088.json,evidence/videocad/samples/dataverse/action_json_unpacked/action_json/00188088.json,26,13,4,5620.0,7,2,2,2,0.03632,low
confirm_set_600,00202495,00202495.json,evidence/videocad/samples/dataverse/action_json_unpacked/action_json/00202495.json,38,19,4,6280.0,12,3,2,2,0.076391,low
confirm_set_600,00207464,00207464.json,evidence/videocad/samples/dataverse/action_json_unpacked/action_json/00207464.json,28,14,4,11338.0,0,4,3,3,0.061678,low
confirm_set_600,00209710,00209710.json,evidence/videocad/samples/dataverse/action_json_unpacked/action_json/00209710.json,28,14,4,5373.0,8,2,2,2,0.042605,low
confirm_set_600,00215871,00215871.json,evidence/videocad/samples/dataverse/action_json_unpacked/action_json/00215871.json,22,11,5,4653.0,4,2,2,2,0.097139,low
confirm_set_600,00217019,00217019.json,evidence/videocad/samples/dataverse/action_json_unpacked/action_json/00217019.json,32,16,4,12120.0,0,5,3,3,0.075655,low
confirm_set_600,00219372,00219372.json,evidence/videocad/samples/dataverse/action_json_unpacked/action_json/00219372.json,38,19,4,10032.0,12,3,2,2,0.080526,low
confirm_set_600,00246079,00246079.json,evidence/videocad/samples/dataverse/action_json_unpacked/action_json/00246079.json,16,8,4,5518.0,0,2,2,2,0.003421,low
confirm_set_600,00265935,00265935.json,evidence/videocad/samples/dataverse/action_json_unpacked/action_json/00265935.json,38,19,4,4606.0,12,3,2,2,0.074547,low
confirm_set_600,00266374,00266374.json,evidence/videocad/samples/dataverse/action_json_unpacked/action_json/00266374.json,28,14,4,7075.0,8,2,2,2,0.044481,low
confirm_set_600,00271828,00271828.json,evidence/videocad/samples/dataverse/action_json_unpacked/action_json/00271828.json,28,14,4,9999.0,8,2,2,2,0.047703,low
confirm_set_600,00282189,00282189.json,evidence/videocad/samples/dataverse/action_json_unpacked/action_json/00282189.json,26,13,4,6809.0,7,2,2,2,0.03763,low
confirm_set_600,00284307,00284307.json,evidence/videocad/samples/dataverse/action_json_unpacked/action_json/00284307.json,32,16,4,12079.0,0,4,4,4,0.08811,low
confirm_set_600,00285677,00285677.json,evidence/videocad/samples/dataverse/action_json_unpacked/action_json/00285677.json,30,15,4,7356.0,9,2,2,2,0.051348,low
confirm_set_600,00287468,00287468.json,evidence/videocad/samples/dataverse/action_json_unpacked/action_json/00287468.json,16,8,4,5947.0,0,2,2,2,0.003893,low
confirm_set_600,00287588,00287588.json,evidence/videocad/samples/dataverse/action_json_unpacked/action_json/00287588.json,38,19,4,10133.0,12,3,2,2,0.080637,low
confirm_set_600,00301990,00301990.json,evidence/videocad/samples/dataverse/action_json_unpacked/action_json/00301990.json,28,14,4,7063.0,8,2,2,2,0.044467,low
confirm_set_600,00308400,00308400.json,evidence/videocad/samples/dataverse/action_json_unpacked/action_json/00308400.json,38,19,4,7564.0,12,3,2,2,0.077806,low
confirm_set_600,00322455,00322455.json,evidence/videocad/samples/dataverse/action_json_unpacked/action_json/00322455.json,16,8,4,4934.0,0,2,2,2,0.002777,low
confirm_set_600,00322826,00322826.json,evidence/videocad/samples/dataverse/action_json_unpacked/action_json/00322826.json,28,14,4,6196.0,8,2,2,2,0.043512,low
confirm_set_600,00344648,00344648.json,evidence/videocad/samples/dataverse/action_json_unpacked/action_json/00344648.json,20,10,4,6568.0,0,3,2,2,0.017692,low
confirm_set_600,00361786,00361786.json,evidence/videocad/samples/dataverse/action_json_unpacked/action_json/00361786.json,28,14,4,8862.0,0,4,3,3,0.05895,low
confirm_set_600,00364594,00364594.json,evidence/videocad/samples/dataverse/action_json_unpacked/action_json/00364594.json,24,12,4,5252.0,0,4,2,2,0.029357,low
confirm_set_600,00368141,00368141.json,evidence/videocad/samples/dataverse/action_json_unpacked/action_json/00368141.json,16,8,4,5708.0,0,2,2,2,0.00363,low
confirm_set_600,00381922,00381922.json,evidence/videocad/samples/dataverse/action_json_unpacked/action_json/00381922.json,38,19,4,8912.0,12,3,2,2,0.079292,low
confirm_set_600,00382840,00382840.json,evidence/videocad/samples/dataverse/action_json_unpacked/action_json/00382840.json,22,11,5,3944.0,4,2,2,2,0.096358,low
confirm_set_600,00389643,00389643.json,evidence/videocad/samples/dataverse/action_json_unpacked/action_json/00389643.json,24,12,4,5496.0,0,4,2,2,0.029626,low
confirm_set_600,00406487,00406487.json,evidence/videocad/samples/dataverse/action_json_unpacked/action_json/00406487.json,20,10,4,5025.0,0,3,2,2,0.015992,low
confirm_set_600,00411275,00411275.json,evidence/videocad/samples/dataverse/action_json_unpacked/action_json/00411275.json,36,18,4,8620.0,0,6,3,3,0.084913,low
confirm_set_600,00418889,00418889.json,evidence/videocad/samples/dataverse/action_json_unpacked/action_json/00418889.json,28,14,4,6363.0,8,2,2,2,0.043696,low
confirm_set_600,00421802,00421802.json,evidence/videocad/samples/dataverse/action_json_unpacked/action_json/00421802.json,28,14,4,6687.0,8,2,2,2,0.044053,low
confirm_set_600,00424980,00424980.json,evidence/videocad/samples/dataverse/action_json_unpacked/action_json/00424980.json,28,14,4,6583.0,8,2,2,2,0.043938,low
confirm_set_600,00425496,00425496.json,evidence/videocad/samples/dataverse/action_json_unpacked/action_json/00425496.json,32,16,4,9407.0,10,2,2,2,0.060165,low
confirm_set_600,00432942,00432942.json,evidence/videocad/samples/dataverse/action_json_unpacked/action_json/00432942.json,16,8,4,5492.0,0,2,2,2,0.003392,low
confirm_set_600,00434583,00434583.json,evidence/videocad/samples/dataverse/action_json_unpacked/action_json/00434583.json,28,14,4,5555.0,8,2,2,2,0.042806,low
confirm_set_600,00434829,00434829.json,evidence/videocad/samples/dataverse/action_json_unpacked/action_json/00434829.json,22,11,5,6509.0,4,2,2,2,0.099185,low
confirm_set_600,00440433,00440433.json,evidence/videocad/samples/dataverse/action_json_unpacked/action_json/00440433.json,36,18,4,7429.0,12,2,2,2,0.0711,low
confirm_set_600,00445392,00445392.json,evidence/videocad/samples/dataverse/action_json_unpacked/action_json/00445392.json,28,14,4,5493.0,8,2,2,2,0.042737,low
confirm_set_600,00446855,00446855.json,evidence/videocad/samples/dataverse/action_json_unpacked/action_json/00446855.json,20,10,4,5204.0,0,3,2,2,0.016189,low
confirm_set_600,00448659,00448659.json,evidence/videocad/samples/dataverse/action_json_unpacked/action_json/00448659.json,24,12,4,5216.0,6,2,2,2,0.029317,low
confirm_set_600,00453349,00453349.json,evidence/videocad/samples/dataverse/action_json_unpacked/action_json/00453349.json,24,12,4,6179.0,0,4,2,2,0.030378,low
confirm_set_600,00459949,00459949.json,evidence/videocad/samples/dataverse/action_json_unpacked/action_json/00459949.json,32,16,4,6190.0,10,2,2,2,0.05662,low
confirm_set_600,00461465,00461465.json,evidence/videocad/samples/dataverse/action_json_unpacked/action_json/00461465.json,22,11,5,6964.0,4,2,2,2,0.099686,low
confirm_set_600,00466138,00466138.json,evidence/videocad/samples/dataverse/action_json_unpacked/action_json/00466138.json,20,10,4,3710.0,0,3,2,2,0.014543,low
confirm_set_600,00466903,00466903.json,evidence/videocad/samples/dataverse/action_json_unpacked/action_json/00466903.json,28,14,4,5832.0,8,2,2,2,0.043111,low
confirm_set_600,00468749,00468749.json,evidence/videocad/samples/dataverse/action_json_unpacked/action_json/00468749.json,28,14,4,6312.0,8,2,2,2,0.04364,low
confirm_set_600,00480306,00480306.json,evidence/videocad/samples/dataverse/action_json_unpacked/action_json/00480306.json,28,14,4,6529.0,8,2,2,2,0.043879,low
confirm_set_600,00482041,00482041.json,evidence/videocad/samples/dataverse/action_json_unpacked/action_json/00482041.json,22,11,5,6751.0,4,2,2,2,0.099451,low
confirm_set_600,00482854,00482854.json,evidence/videocad/samples/dataverse/action_json_unpacked/action_json/00482854.json,32,16,4,10013.0,0,4,4,4,0.085833,low
confirm_set_600,00484603,00484603.json,evidence/videocad/samples/dataverse/action_json_unpacked/action_json/00484603.json,28,14,4,6698.0,8,2,2,2,0.044065,low
confirm_set_600,00489189,00489189.json,evidence/videocad/samples/dataverse/action_json_unpacked/action_json/00489189.json,28,14,4,8201.0,8,2,2,2,0.045721,low
confirm_set_600,00501922,00501922.json,evidence/videocad/samples/dataverse/action_json_unpacked/action_json/00501922.json,16,8,4,4397.0,0,2,2,2,0.002185,low
confirm_set_600,00508427,00508427.json,evidence/videocad/samples/dataverse/action_json_unpacked/action_json/00508427.json,24,12,4,7887.0,0,4,2,2,0.032261,low
confirm_set_600,00522404,00522404.json,evidence/videocad/samples/dataverse/action_json_unpacked/action_json/00522404.json,28,14,4,7910.0,8,2,2,2,0.045401,low
confirm_set_600,00560995,00560995.json,evidence/videocad/samples/dataverse/action_json_unpacked/action_json/00560995.json,22,11,5,5562.0,4,2,2,2,0.098141,low
confirm_set_600,00562652,00562652.json,evidence/videocad/samples/dataverse/action_json_unpacked/action_json/00562652.json,24,12,4,7222.0,0,3,3,3,0.044028,low
confirm_set_600,00576516,00576516.json,evidence/videocad/samples/dataverse/action_json_unpacked/action_json/00576516.json,28,14,4,6104.0,8,2,2,2,0.043411,low
confirm_set_600,00580518,00580518.json,evidence/videocad/samples/dataverse/action_json_unpacked/action_json/00580518.json,22,11,5,5763.0,4,2,2,2,0.098363,low
confirm_set_600,00583793,00583793.json,evidence/videocad/samples/dataverse/action_json_unpacked/action_json/00583793.json,36,18,4,5896.0,12,2,2,2,0.069411,low
confirm_set_600,00591359,00591359.json,evidence/videocad/samples/dataverse/action_json_unpacked/action_json/00591359.json,24,12,4,5678.0,0,4,2,2,0.029826,low
confirm_set_600,00593707,00593707.json,evidence/videocad/samples/dataverse/action_json_unpacked/action_json/00593707.json,34,17,4,6892.0,11,2,2,2,0.063951,low
confirm_set_600,00595325,00595325.json,evidence/videocad/samples/dataverse/action_json_unpacked/action_json/00595325.json,26,13,4,5666.0,7,2,2,2,0.036371,low
confirm_set_600,00595753,00595753.json,evidence/videocad/samples/dataverse/action_json_unpacked/action_json/00595753.json,16,8,4,4945.0,0,2,2,2,0.002789,low
confirm_set_600,00601929,00601929.json,evidence/videocad/samples/dataverse/action_json_unpacked/action_json/00601929.json,36,18,4,7628.0,12,2,2,2,0.071319,low
confirm_set_600,00603108,00603108.json,evidence/videocad/samples/dataverse/action_json_unpacked/action_json/00603108.json,26,13,4,6325.0,7,2,2,2,0.037097,low
confirm_set_600,00607161,00607161.json,evidence/videocad/samples/dataverse/action_json_unpacked/action_json/00607161.json,44,22,4,8927.0,16,2,2,2,0.09898,low
confirm_set_600,00617983,00617983.json,evidence/videocad/samples/dataverse/action_json_unpacked/action_json/00617983.json,16,8,4,7647.0,0,2,2,2,0.005767,low
confirm_set_600,00621605,00621605.json,evidence/videocad/samples/dataverse/action_json_unpacked/action_json/00621605.json,20,10,5,6316.0,2,2,2,2,0.092415,low
confirm_set_600,00625610,00625610.json,evidence/videocad/samples/dataverse/action_json_unpacked/action_json/00625610.json,24,12,4,4701.0,0,4,2,2,0.02875,low
confirm_set_600,00628025,00628025.json,evidence/videocad/samples/dataverse/action_json_unpacked/action_json/00628025.json,28,14,4,7670.0,8,2,2,2,0.045136,low
confirm_set_600,00640071,00640071.json,evidence/videocad/samples/dataverse/action_json_unpacked/action_json/00640071.json,24,12,4,6106.0,0,4,2,2,0.030298,low
confirm_set_600,00644281,00644281.json,evidence/videocad/samples/dataverse/action_json_unpacked/action_json/00644281.json,16,8,4,4647.0,0,2,2,2,0.002461,low
confirm_set_600,00646909,00646909.json,evidence/videocad/samples/dataverse/action_json_unpacked/action_json/00646909.json,24,12,4,7744.0,0,3,3,3,0.044603,low
confirm_set_600,00655627,00655627.json,evidence/videocad/samples/dataverse/action_json_unpacked/action_json/00655627.json,16,8,4,4659.0,0,2,2,2,0.002474,low
confirm_set_600,00660974,00660974.json,evidence/videocad/samples/dataverse/action_json_unpacked/action_json/00660974.json,24,12,4,6712.0,0,4,2,2,0.030966,low
confirm_set_600,00672102,00672102.json,evidence/videocad/samples/dataverse/action_json_unpacked/action_json/00672102.json,28,14,4,6577.0,8,2,2,2,0.043932,low
confirm_set_600,00675655,00675655.json,evidence/videocad/samples/dataverse/action_json_unpacked/action_json/00675655.json,28,14,4,6010.0,8,2,2,2,0.043307,low
confirm_set_600,00685355,00685355.json,evidence/videocad/samples/dataverse/action_json_unpacked/action_json/00685355.json,28,14,4,6291.0,8,2,2,2,0.043617,low
confirm_set_600,00686257,00686257.json,evidence/videocad/samples/dataverse/action_json_unpacked/action_json/00686257.json,22,11,5,3361.0,4,2,2,2,0.095716,low
confirm_set_600,00689155,00689155.json,evidence/videocad/samples/dataverse/action_json_unpacked/action_json/00689155.json,28,14,4,7365.0,8,2,2,2,0.0448,low
confirm_set_600,00702894,00702894.json,evidence/videocad/samples/dataverse/action_json_unpacked/action_json/00702894.json,42,21,4,8264.0,14,3,2,2,0.091692,low
confirm_set_600,00708215,00708215.json,evidence/videocad/samples/dataverse/action_json_unpacked/action_json/00708215.json,28,14,4,5883.0,8,2,2,2,0.043167,low
confirm_set_600,00709418,00709418.json,evidence/videocad/samples/dataverse/action_json_unpacked/action_json/00709418.json,24,12,4,5439.0,0,4,2,2,0.029563,low
confirm_set_600,00713546,00713546.json,evidence/videocad/samples/dataverse/action_json_unpacked/action_json/00713546.json,36,18,4,9980.0,12,2,2,2,0.073911,low
confirm_set_600,00715838,00715838.json,evidence/videocad/samples/dataverse/action_json_unpacked/action_json/00715838.json,20,10,4,4175.0,0,3,2,2,0.015055,low
confirm_set_600,00721658,00721658.json,evidence/videocad/samples/dataverse/action_json_unpacked/action_json/00721658.json,38,19,4,12894.0,12,3,2,2,0.08368,low
confirm_set_600,00722999,00722999.json,evidence/videocad/samples/dataverse/action_json_unpacked/action_json/00722999.json,24,12,4,4990.0,0,4,2,2,0.029068,low
confirm_set_600,00726914,00726914.json,evidence/videocad/samples/dataverse/action_json_unpacked/action_json/00726914.json,36,18,4,7391.0,12,2,2,2,0.071058,low
confirm_set_600,00728584,00728584.json,evidence/videocad/samples/dataverse/action_json_unpacked/action_json/00728584.json,28,14,4,9607.0,0,4,3,3,0.059771,low
confirm_set_600,00732268,00732268.json,evidence/videocad/samples/dataverse/action_json_unpacked/action_json/00732268.json,22,11,5,5676.0,4,2,2,2,0.098267,low
confirm_set_600,00735063,00735063.json,evidence/videocad/samples/dataverse/action_json_unpacked/action_json/00735063.json,28,14,4,7149.0,8,2,2,2,0.044562,low
confirm_set_600,00737687,00737687.json,evidence/videocad/samples/dataverse/action_json_unpacked/action_json/00737687.json,28,14,4,6989.0,8,2,2,2,0.044386,low
confirm_set_600,00738127,00738127.json,evidence/videocad/samples/dataverse/action_json_unpacked/action_json/00738127.json,16,8,4,5555.0,0,2,2,2,0.003461,low
confirm_set_600,00738741,00738741.json,evidence/videocad/samples/dataverse/action_json_unpacked/action_json/00738741.json,28,14,4,5631.0,8,2,2,2,0.042889,low
confirm_set_600,00738770,00738770.json,evidence/videocad/samples/dataverse/action_json_unpacked/action_json/00738770.json,28,14,4,4244.0,8,2,2,2,0.041361,low
confirm_set_600,00745710,00745710.json,evidence/videocad/samples/dataverse/action_json_unpacked/action_json/00745710.json,20,10,4,5871.0,0,3,2,2,0.016924,low
confirm_set_600,00746218,00746218.json,evidence/videocad/samples/dataverse/action_json_unpacked/action_json/00746218.json,28,14,4,6224.0,8,2,2,2,0.043543,low
confirm_set_600,00746989,00746989.json,evidence/videocad/samples/dataverse/action_json_unpacked/action_json/00746989.json,22,11,5,5420.0,4,2,2,2,0.097985,low
confirm_set_600,00751604,00751604.json,evidence/videocad/samples/dataverse/action_json_unpacked/action_json/00751604.json,16,8,4,4138.0,0,2,2,2,0.0019,low
confirm_set_600,00755988,00755988.json,evidence/videocad/samples/dataverse/action_json_unpacked/action_json/00755988.json,28,14,4,5416.0,8,2,2,2,0.042652,low
confirm_set_600,00765406,00765406.json,evidence/videocad/samples/dataverse/action_json_unpacked/action_json/00765406.json,28,14,4,4872.0,8,2,2,2,0.042053,low
confirm_set_600,00766376,00766376.json,evidence/videocad/samples/dataverse/action_json_unpacked/action_json/00766376.json,24,12,4,6527.0,0,3,3,3,0.043262,low
confirm_set_600,00772164,00772164.json,evidence/videocad/samples/dataverse/action_json_unpacked/action_json/00772164.json,28,14,4,9593.0,0,4,3,3,0.059755,low
confirm_set_600,00776906,00776906.json,evidence/videocad/samples/dataverse/action_json_unpacked/action_json/00776906.json,36,18,4,8451.0,12,2,2,2,0.072226,low
confirm_set_600,00779308,00779308.json,evidence/videocad/samples/dataverse/action_json_unpacked/action_json/00779308.json,30,15,4,5178.0,9,2,2,2,0.048948,low
confirm_set_600,00779369,00779369.json,evidence/videocad/samples/dataverse/action_json_unpacked/action_json/00779369.json,28,14,4,5831.0,8,2,2,2,0.04311,low
confirm_set_600,00784158,00784158.json,evidence/videocad/samples/dataverse/action_json_unpacked/action_json/00784158.json,38,19,4,8747.0,10,3,3,3,0.09161,low
confirm_set_600,00790983,00790983.json,evidence/videocad/samples/dataverse/action_json_unpacked/action_json/00790983.json,28,14,4,8185.0,8,2,2,2,0.045704,low
confirm_set_600,00792305,00792305.json,evidence/videocad/samples/dataverse/action_json_unpacked/action_json/00792305.json,28,14,4,3694.0,8,2,2,2,0.040755,low
confirm_set_600,00801302,00801302.json,evidence/videocad/samples/dataverse/action_json_unpacked/action_json/00801302.json,30,15,4,8557.0,9,2,2,2,0.052671,low
confirm_set_600,00807984,00807984.json,evidence/videocad/samples/dataverse/action_json_unpacked/action_json/00807984.json,28,14,4,6519.0,8,2,2,2,0.043868,low
confirm_set_600,00811509,00811509.json,evidence/videocad/samples/dataverse/action_json_unpacked/action_json/00811509.json,38,19,4,6397.0,12,3,2,2,0.07652,low
confirm_set_600,00814305,00814305.json,evidence/videocad/samples/dataverse/action_json_unpacked/action_json/00814305.json,28,14,4,8369.0,8,2,2,2,0.045907,low
confirm_set_600,00815204,00815204.json,evidence/videocad/samples/dataverse/action_json_unpacked/action_json/00815204.json,38,19,4,6044.0,12,3,2,2,0.076131,low
confirm_set_600,00820970,00820970.json,evidence/videocad/samples/dataverse/action_json_unpacked/action_json/00820970.json,24,12,4,7250.0,0,4,2,2,0.031559,low
confirm_set_600,00822654,00822654.json,evidence/videocad/samples/dataverse/action_json_unpacked/action_json/00822654.json,40,20,4,9328.0,14,2,2,2,0.086308,low
confirm_set_600,00823783,00823783.json,evidence/videocad/samples/dataverse/action_json_unpacked/action_json/00823783.json,28,14,4,6260.0,8,2,2,2,0.043582,low
confirm_set_600,00830577,00830577.json,evidence/videocad/samples/dataverse/action_json_unpacked/action_json/00830577.json,44,22,4,8305.0,16,2,2,2,0.098295,low
confirm_set_600,00830937,00830937.json,evidence/videocad/samples/dataverse/action_json_unpacked/action_json/00830937.json,28,14,4,7165.0,8,2,2,2,0.04458,low
confirm_set_600,00831170,00831170.json,evidence/videocad/samples/dataverse/action_json_unpacked/action_json/00831170.json,38,19,4,4815.0,12,3,2,2,0.074777,low
confirm_set_600,00834615,00834615.json,evidence/videocad/samples/dataverse/action_json_unpacked/action_json/00834615.json,22,11,5,5713.0,4,2,2,2,0.098308,low
confirm_set_600,00835127,00835127.json,evidence/videocad/samples/dataverse/action_json_unpacked/action_json/00835127.json,24,12,4,7804.0,0,4,2,2,0.032169,low
confirm_set_600,00839476,00839476.json,evidence/videocad/samples/dataverse/action_json_unpacked/action_json/00839476.json,28,14,4,6716.0,8,2,2,2,0.044085,low
confirm_set_600,00842393,00842393.json,evidence/videocad/samples/dataverse/action_json_unpacked/action_json/00842393.json,16,8,4,4508.0,0,2,2,2,0.002308,low
confirm_set_600,00844951,00844951.json,evidence/videocad/samples/dataverse/action_json_unpacked/action_json/00844951.json,28,14,4,6441.0,8,2,2,2,0.043782,low
confirm_set_600,00860321,00860321.json,evidence/videocad/samples/dataverse/action_json_unpacked/action_json/00860321.json,24,12,4,3624.0,0,4,2,2,0.027563,low
confirm_set_600,00862149,00862149.json,evidence/videocad/samples/dataverse/action_json_unpacked/action_json/00862149.json,28,14,4,6220.0,8,2,2,2,0.043538,low
confirm_set_600,00864209,00864209.json,evidence/videocad/samples/dataverse/action_json_unpacked/action_json/00864209.json,36,18,4,5080.0,12,2,2,2,0.068512,low
confirm_set_600,00871443,00871443.json,evidence/videocad/samples/dataverse/action_json_unpacked/action_json/00871443.json,28,14,4,5142.0,8,2,2,2,0.04235,low
confirm_set_600,00875314,00875314.json,evidence/videocad/samples/dataverse/action_json_unpacked/action_json/00875314.json,20,10,4,5207.0,0,3,2,2,0.016193,low
confirm_set_600,00877310,00877310.json,evidence/videocad/samples/dataverse/action_json_unpacked/action_json/00877310.json,20,10,4,9463.0,0,3,2,2,0.020883,low
confirm_set_600,00877802,00877802.json,evidence/videocad/samples/dataverse/action_json_unpacked/action_json/00877802.json,28,14,4,9117.0,8,2,2,2,0.046731,low
confirm_set_600,00880284,00880284.json,evidence/videocad/samples/dataverse/action_json_unpacked/action_json/00880284.json,28,14,4,6272.0,8,2,2,2,0.043596,low
confirm_set_600,00881155,00881155.json,evidence/videocad/samples/dataverse/action_json_unpacked/action_json/00881155.json,30,15,4,6692.0,9,2,2,2,0.050616,low
confirm_set_600,00881771,00881771.json,evidence/videocad/samples/dataverse/action_json_unpacked/action_json/00881771.json,24,12,4,9606.0,0,3,3,3,0.046655,low
confirm_set_600,00893931,00893931.json,evidence/videocad/samples/dataverse/action_json_unpacked/action_json/00893931.json,28,14,4,7326.0,0,4,3,3,0.057257,low
confirm_set_600,00896646,00896646.json,evidence/videocad/samples/dataverse/action_json_unpacked/action_json/00896646.json,22,11,5,6570.0,4,2,2,2,0.099252,low
confirm_set_600,00898388,00898388.json,evidence/videocad/samples/dataverse/action_json_unpacked/action_json/00898388.json,24,12,4,7977.0,0,3,3,3,0.04486,low
confirm_set_600,00901446,00901446.json,evidence/videocad/samples/dataverse/action_json_unpacked/action_json/00901446.json,20,10,4,5558.0,0,3,2,2,0.016579,low
confirm_set_600,00905113,00905113.json,evidence/videocad/samples/dataverse/action_json_unpacked/action_json/00905113.json,16,8,4,6537.0,0,2,2,2,0.004543,low
confirm_set_600,00914226,00914226.json,evidence/videocad/samples/dataverse/action_json_unpacked/action_json/00914226.json,28,14,4,5542.0,8,2,2,2,0.042791,low
confirm_set_600,00914893,00914893.json,evidence/videocad/samples/dataverse/action_json_unpacked/action_json/00914893.json,28,14,4,11453.0,8,2,2,2,0.049305,low
confirm_set_600,00919392,00919392.json,evidence/videocad/samples/dataverse/action_json_unpacked/action_json/00919392.json,18,9,5,6381.0,0,2,2,2,0.085929,low
confirm_set_600,00922016,00922016.json,evidence/videocad/samples/dataverse/action_json_unpacked/action_json/00922016.json,32,16,4,12547.0,0,4,4,4,0.088625,low
confirm_set_600,00923309,00923309.json,evidence/videocad/samples/dataverse/action_json_unpacked/action_json/00923309.json,28,14,4,6252.0,8,2,2,2,0.043574,low
confirm_set_600,00932212,00932212.json,evidence/videocad/samples/dataverse/action_json_unpacked/action_json/00932212.json,28,14,4,7555.0,0,4,3,3,0.05751,low
confirm_set_600,00951265,00951265.json,evidence/videocad/samples/dataverse/action_json_unpacked/action_json/00951265.json,16,8,4,6182.0,0,2,2,2,0.004152,low
confirm_set_600,00956108,00956108.json,evidence/videocad/samples/dataverse/action_json_unpacked/action_json/00956108.json,36,18,4,7898.0,9,3,3,3,0.084117,low
confirm_set_600,00957583,00957583.json,evidence/videocad/samples/dataverse/action_json_unpacked/action_json/00957583.json,22,11,5,5841.0,4,2,2,2,0.098449,low
confirm_set_600,00959949,00959949.json,evidence/videocad/samples/dataverse/action_json_unpacked/action_json/00959949.json,28,14,4,5787.0,8,2,2,2,0.043061,low
confirm_set_600,00963032,00963032.json,evidence/videocad/samples/dataverse/action_json_unpacked/action_json/00963032.json,28,14,4,4370.0,8,2,2,2,0.0415,low
confirm_set_600,00966173,00966173.json,evidence/videocad/samples/dataverse/action_json_unpacked/action_json/00966173.json,36,18,4,7827.0,0,6,3,3,0.084039,low
confirm_set_600,00967811,00967811.json,evidence/videocad/samples/dataverse/action_json_unpacked/action_json/00967811.json,20,10,4,4521.0,0,3,2,2,0.015437,low
confirm_set_600,00969728,00969728.json,evidence/videocad/samples/dataverse/action_json_unpacked/action_json/00969728.json,24,12,4,5379.0,0,4,2,2,0.029497,low
confirm_set_600,00970950,00970950.json,evidence/videocad/samples/dataverse/action_json_unpacked/action_json/00970950.json,16,8,4,5437.0,0,2,2,2,0.003331,low
confirm_set_600,00972302,00972302.json,evidence/videocad/samples/dataverse/action_json_unpacked/action_json/00972302.json,16,8,4,5044.0,0,2,2,2,0.002898,low
confirm_set_600,00974404,00974404.json,evidence/videocad/samples/dataverse/action_json_unpacked/action_json/00974404.json,28,14,4,5607.0,8,2,2,2,0.042863,low
confirm_set_600,00977467,00977467.json,evidence/videocad/samples/dataverse/action_json_unpacked/action_json/00977467.json,16,8,4,6873.0,0,2,2,2,0.004914,low
confirm_set_600,00982695,00982695.json,evidence/videocad/samples/dataverse/action_json_unpacked/action_json/00982695.json,38,19,4,4611.0,12,3,2,2,0.074552,low
confirm_set_600,00988549,00988549.json,evidence/videocad/samples/dataverse/action_json_unpacked/action_json/00988549.json,28,14,4,7650.0,8,2,2,2,0.045114,low
confirm_set_600,00990329,00990329.json,evidence/videocad/samples/dataverse/action_json_unpacked/action_json/00990329.json,16,8,4,4311.0,0,2,2,2,0.00209,low
confirm_set_600,00992855,00992855.json,evidence/videocad/samples/dataverse/action_json_unpacked/action_json/00992855.json,36,18,4,14549.0,0,6,3,3,0.091446,low
confirm_set_600,00000070,00000070.json,evidence/videocad/samples/dataverse/action_json_unpacked/action_json/00000070.json,50,25,5,24149.0,12,3,3,3,0.222927,medium
confirm_set_600,00002521,00002521.json,evidence/videocad/samples/dataverse/action_json_unpacked/action_json/00002521.json,30,15,5,9722.0,4,3,3,3,0.141455,medium
confirm_set_600,00004043,00004043.json,evidence/videocad/samples/dataverse/action_json_unpacked/action_json/00004043.json,26,13,5,7874.0,4,3,2,2,0.113804,medium
confirm_set_600,00006814,00006814.json,evidence/videocad/samples/dataverse/action_json_unpacked/action_json/00006814.json,64,32,4,25700.0,20,4,4,4,0.208038,medium
confirm_set_600,00012963,00012963.json,evidence/videocad/samples/dataverse/action_json_unpacked/action_json/00012963.json,42,21,4,12005.0,12,3,3,3,0.108315,medium
confirm_set_600,00016623,00016623.json,evidence/videocad/samples/dataverse/action_json_unpacked/action_json/00016623.json,24,12,6,6330.0,4,2,2,2,0.180545,medium
confirm_set_600,00021104,00021104.json,evidence/videocad/samples/dataverse/action_json_unpacked/action_json/00021104.json,52,26,5,8829.0,15,4,3,3,0.212602,medium
confirm_set_600,00022252,00022252.json,evidence/videocad/samples/dataverse/action_json_unpacked/action_json/00022252.json,34,17,5,6510.0,9,3,2,2,0.13853,medium
confirm_set_600,00026041,00026041.json,evidence/videocad/samples/dataverse/action_json_unpacked/action_json/00026041.json,28,14,5,5320.0,5,2,2,2,0.117547,medium
confirm_set_600,00047722,00047722.json,evidence/videocad/samples/dataverse/action_json_unpacked/action_json/00047722.json,72,36,4,11545.0,24,4,4,4,0.218669,medium
confirm_set_600,00048093,00048093.json,evidence/videocad/samples/dataverse/action_json_unpacked/action_json/00048093.json,44,22,4,15332.0,16,2,2,2,0.106039,medium
confirm_set_600,00055498,00055498.json,evidence/videocad/samples/dataverse/action_json_unpacked/action_json/00055498.json,30,15,5,6871.0,4,3,3,3,0.138313,medium
confirm_set_600,00061210,00061210.json,evidence/videocad/samples/dataverse/action_json_unpacked/action_json/00061210.json,46,23,5,17764.0,10,3,3,3,0.202776,medium
confirm_set_600,00075468,00075468.json,evidence/videocad/samples/dataverse/action_json_unpacked/action_json/00075468.json,46,23,5,12483.0,12,3,3,3,0.196956,medium
confirm_set_600,00079232,00079232.json,evidence/videocad/samples/dataverse/action_json_unpacked/action_json/00079232.json,46,23,5,8734.0,12,4,3,3,0.192825,medium
confirm_set_600,00086812,00086812.json,evidence/videocad/samples/dataverse/action_json_unpacked/action_json/00086812.json,42,21,5,9272.0,9,3,3,3,0.180303,medium
confirm_set_600,00098585,00098585.json,evidence/videocad/samples/dataverse/action_json_unpacked/action_json/00098585.json,44,22,5,5614.0,8,6,2,2,0.17033,medium
confirm_set_600,00102703,00102703.json,evidence/videocad/samples/dataverse/action_json_unpacked/action_json/00102703.json,38,19,5,14106.0,4,4,4,4,0.185016,medium
confirm_set_600,00104350,00104350.json,evidence/videocad/samples/dataverse/action_json_unpacked/action_json/00104350.json,38,19,5,9846.0,12,2,2,2,0.155321,medium
confirm_set_600,00106159,00106159.json,evidence/videocad/samples/dataverse/action_json_unpacked/action_json/00106159.json,32,16,5,6032.0,8,2,2,2,0.131446,medium
confirm_set_600,00109199,00109199.json,evidence/videocad/samples/dataverse/action_json_unpacked/action_json/00109199.json,60,30,4,14716.0,0,9,6,6,0.207819,medium
confirm_set_600,00114886,00114886.json,evidence/videocad/samples/dataverse/action_json_unpacked/action_json/00114886.json,34,17,5,9512.0,4,4,3,3,0.154338,medium
confirm_set_600,00125949,00125949.json,evidence/videocad/samples/dataverse/action_json_unpacked/action_json/00125949.json,44,22,5,13128.0,8,4,4,4,0.20361,medium
confirm_set_600,00131886,00131886.json,evidence/videocad/samples/dataverse/action_json_unpacked/action_json/00131886.json,26,13,6,9381.0,2,3,2,2,0.190464,medium
confirm_set_600,00133496,00133496.json,evidence/videocad/samples/dataverse/action_json_unpacked/action_json/00133496.json,44,22,5,5797.0,8,6,2,2,0.170531,medium
confirm_set_600,00136954,00136954.json,evidence/videocad/samples/dataverse/action_json_unpacked/action_json/00136954.json,38,19,5,11782.0,4,4,4,4,0.182455,medium
confirm_set_600,00137020,00137020.json,evidence/videocad/samples/dataverse/action_json_unpacked/action_json/00137020.json,48,24,4,7740.0,18,2,2,2,0.110787,medium
confirm_set_600,00139819,00139819.json,evidence/videocad/samples/dataverse/action_json_unpacked/action_json/00139819.json,52,26,4,7912.0,0,10,3,3,0.136591,medium
confirm_set_600,00161377,00161377.json,evidence/videocad/samples/dataverse/action_json_unpacked/action_json/00161377.json,44,22,5,6326.0,8,6,2,2,0.171114,medium
confirm_set_600,00182126,00182126.json,evidence/videocad/samples/dataverse/action_json_unpacked/action_json/00182126.json,38,19,5,12902.0,4,4,4,4,0.183689,medium
confirm_set_600,00182511,00182511.json,evidence/videocad/samples/dataverse/action_json_unpacked/action_json/00182511.json,42,21,4,11178.0,12,3,3,3,0.107404,medium
confirm_set_600,00187439,00187439.json,evidence/videocad/samples/dataverse/action_json_unpacked/action_json/00187439.json,42,21,4,8491.0,12,3,3,3,0.104443,medium
confirm_set_600,00197652,00197652.json,evidence/videocad/samples/dataverse/action_json_unpacked/action_json/00197652.json,42,21,5,14778.0,6,3,3,3,0.186371,medium
confirm_set_600,00201346,00201346.json,evidence/videocad/samples/dataverse/action_json_unpacked/action_json/00201346.json,54,27,5,7606.0,12,3,2,2,0.205312,medium
confirm_set_600,00205098,00205098.json,evidence/videocad/samples/dataverse/action_json_unpacked/action_json/00205098.json,44,22,5,25142.0,12,2,2,2,0.191849,medium
confirm_set_600,00212608,00212608.json,evidence/videocad/samples/dataverse/action_json_unpacked/action_json/00212608.json,70,35,4,23230.0,22,5,4,4,0.224988,medium
confirm_set_600,00218797,00218797.json,evidence/videocad/samples/dataverse/action_json_unpacked/action_json/00218797.json,34,17,5,7313.0,7,3,3,3,0.151915,medium
confirm_set_600,00219870,00219870.json,evidence/videocad/samples/dataverse/action_json_unpacked/action_json/00219870.json,34,17,5,10526.0,7,3,3,3,0.155456,medium
confirm_set_600,00243439,00243439.json,evidence/videocad/samples/dataverse/action_json_unpacked/action_json/00243439.json,32,16,6,9257.0,4,3,3,3,0.2225,medium
confirm_set_600,00247765,00247765.json,evidence/videocad/samples/dataverse/action_json_unpacked/action_json/00247765.json,56,28,4,25329.0,16,4,4,4,0.181399,medium
confirm_set_600,00248514,00248514.json,evidence/videocad/samples/dataverse/action_json_unpacked/action_json/00248514.json,50,25,5,11144.0,14,4,3,3,0.208596,medium
confirm_set_600,00250018,00250018.json,evidence/videocad/samples/dataverse/action_json_unpacked/action_json/00250018.json,36,18,5,9896.0,8,3,3,3,0.161319,medium
confirm_set_600,00256700,00256700.json,evidence/videocad/samples/dataverse/action_json_unpacked/action_json/00256700.json,62,31,4,12042.0,22,3,3,3,0.17393,medium
confirm_set_600,00263050,00263050.json,evidence/videocad/samples/dataverse/action_json_unpacked/action_json/00263050.json,42,21,4,7900.0,12,3,3,3,0.103791,medium
confirm_set_600,00275715,00275715.json,evidence/videocad/samples/dataverse/action_json_unpacked/action_json/00275715.json,42,21,4,17883.0,12,3,3,3,0.114792,medium
confirm_set_600,00280211,00280211.json,evidence/videocad/samples/dataverse/action_json_unpacked/action_json/00280211.json,36,18,5,9551.0,8,3,3,3,0.160939,medium
confirm_set_600,00280533,00280533.json,evidence/videocad/samples/dataverse/action_json_unpacked/action_json/00280533.json,32,16,5,9236.0,5,3,3,3,0.147477,medium
confirm_set_600,00280535,00280535.json,evidence/videocad/samples/dataverse/action_json_unpacked/action_json/00280535.json,42,21,4,11223.0,12,3,3,3,0.107453,medium
confirm_set_600,00282120,00282120.json,evidence/videocad/samples/dataverse/action_json_unpacked/action_json/00282120.json,32,16,6,6899.0,4,4,2,2,0.207401,medium
confirm_set_600,00282252,00282252.json,evidence/videocad/samples/dataverse/action_json_unpacked/action_json/00282252.json,48,24,4,10384.0,15,3,3,3,0.126201,medium
confirm_set_600,00288568,00288568.json,evidence/videocad/samples/dataverse/action_json_unpacked/action_json/00288568.json,46,23,4,14830.0,14,3,3,3,0.124543,medium
confirm_set_600,00300439,00300439.json,evidence/videocad/samples/dataverse/action_json_unpacked/action_json/00300439.json,46,23,5,16380.0,4,5,5,5,0.226251,medium
confirm_set_600,00303231,00303231.json,evidence/videocad/samples/dataverse/action_json_unpacked/action_json/00303231.json,44,22,4,12503.0,16,2,2,2,0.102921,medium
confirm_set_600,00307702,00307702.json,evidence/videocad/samples/dataverse/action_json_unpacked/action_json/00307702.json,50,25,4,10037.0,16,3,3,3,0.132376,medium
confirm_set_600,00309537,00309537.json,evidence/videocad/samples/dataverse/action_json_unpacked/action_json/00309537.json,64,32,4,17278.0,17,5,5,5,0.211257,medium
confirm_set_600,00325392,00325392.json,evidence/videocad/samples/dataverse/action_json_unpacked/action_json/00325392.json,36,18,6,7950.0,6,3,2,2,0.221674,medium
confirm_set_600,00326413,00326413.json,evidence/videocad/samples/dataverse/action_json_unpacked/action_json/00326413.json,50,25,4,8503.0,16,3,3,3,0.130685,medium
confirm_set_600,00367687,00367687.json,evidence/videocad/samples/dataverse/action_json_unpacked/action_json/00367687.json,26,13,5,4817.0,6,2,2,2,0.110435,medium
confirm_set_600,00375055,00375055.json,evidence/videocad/samples/dataverse/action_json_unpacked/action_json/00375055.json,32,16,6,12236.0,6,3,2,2,0.213283,medium
confirm_set_600,00375425,00375425.json,evidence/videocad/samples/dataverse/action_json_unpacked/action_json/00375425.json,30,15,5,11165.0,4,3,3,3,0.143045,medium
confirm_set_600,00382138,00382138.json,evidence/videocad/samples/dataverse/action_json_unpacked/action_json/00382138.json,34,17,5,10395.0,6,3,3,3,0.155311,medium
confirm_set_600,00389593,00389593.json,evidence/videocad/samples/dataverse/action_json_unpacked/action_json/00389593.json,40,20,5,10123.0,10,3,3,3,0.174684,medium
confirm_set_600,00390115,00390115.json,evidence/videocad/samples/dataverse/action_json_unpacked/action_json/00390115.json,38,19,5,5451.0,12,2,2,2,0.150478,medium
confirm_set_600,00401747,00401747.json,evidence/videocad/samples/dataverse/action_json_unpacked/action_json/00401747.json,26,13,5,5852.0,6,2,2,2,0.111575,medium
confirm_set_600,00404552,00404552.json,evidence/videocad/samples/dataverse/action_json_unpacked/action_json/00404552.json,48,24,5,11054.0,10,4,4,4,0.214439,medium
confirm_set_600,00409563,00409563.json,evidence/videocad/samples/dataverse/action_json_unpacked/action_json/00409563.json,34,17,6,8102.0,6,3,2,2,0.215284,medium
confirm_set_600,00415704,00415704.json,evidence/videocad/samples/dataverse/action_json_unpacked/action_json/00415704.json,50,25,4,14979.0,13,4,4,4,0.150322,medium
confirm_set_600,00419042,00419042.json,evidence/videocad/samples/dataverse/action_json_unpacked/action_json/00419042.json,46,23,4,9582.0,14,3,3,3,0.11876,medium
confirm_set_600,00424026,00424026.json,evidence/videocad/samples/dataverse/action_json_unpacked/action_json/00424026.json,26,13,5,5979.0,6,2,2,2,0.111715,medium
confirm_set_600,00425084,00425084.json,evidence/videocad/samples/dataverse/action_json_unpacked/action_json/00425084.json,44,22,5,16091.0,8,4,4,4,0.206875,medium
confirm_set_600,00433530,00433530.json,evidence/videocad/samples/dataverse/action_json_unpacked/action_json/00433530.json,34,17,5,7166.0,4,4,3,3,0.151753,medium
confirm_set_600,00434392,00434392.json,evidence/videocad/samples/dataverse/action_json_unpacked/action_json/00434392.json,42,21,4,6694.0,12,3,3,3,0.102462,medium
confirm_set_600,00440973,00440973.json,evidence/videocad/samples/dataverse/action_json_unpacked/action_json/00440973.json,52,26,5,9713.0,12,5,3,3,0.213576,medium
confirm_set_600,00442340,00442340.json,evidence/videocad/samples/dataverse/action_json_unpacked/action_json/00442340.json,22,11,5,7331.0,4,2,2,2,0.100091,medium
confirm_set_600,00452046,00452046.json,evidence/videocad/samples/dataverse/action_json_unpacked/action_json/00452046.json,52,26,5,9697.0,12,6,2,2,0.201059,medium
confirm_set_600,00455693,00455693.json,evidence/videocad/samples/dataverse/action_json_unpacked/action_json/00455693.json,30,15,5,6044.0,4,4,2,2,0.124902,medium
confirm_set_600,00462040,00462040.json,evidence/videocad/samples/dataverse/action_json_unpacked/action_json/00462040.json,46,23,5,12050.0,12,3,3,3,0.196479,medium
confirm_set_600,00466183,00466183.json,evidence/videocad/samples/dataverse/action_json_unpacked/action_json/00466183.json,48,24,4,18376.0,0,6,6,6,0.172508,medium
confirm_set_600,00468916,00468916.json,evidence/videocad/samples/dataverse/action_json_unpacked/action_json/00468916.json,30,15,5,6190.0,4,4,2,2,0.125063,medium
confirm_set_600,00474443,00474443.json,evidence/videocad/samples/dataverse/action_json_unpacked/action_json/00474443.json,24,12,5,5325.0,4,2,2,2,0.104437,medium
confirm_set_600,00486938,00486938.json,evidence/videocad/samples/dataverse/action_json_unpacked/action_json/00486938.json,46,23,4,10557.0,14,3,3,3,0.119834,medium
confirm_set_600,00489355,00489355.json,evidence/videocad/samples/dataverse/action_json_unpacked/action_json/00489355.json,30,15,5,8443.0,7,2,2,2,0.127545,medium
confirm_set_600,00491580,00491580.json,evidence/videocad/samples/dataverse/action_json_unpacked/action_json/00491580.json,42,21,5,14755.0,2,4,4,4,0.198845,medium
confirm_set_600,00492666,00492666.json,evidence/videocad/samples/dataverse/action_json_unpacked/action_json/00492666.json,42,21,5,7826.0,4,7,2,2,0.16621,medium
confirm_set_600,00499426,00499426.json,evidence/videocad/samples/dataverse/action_json_unpacked/action_json/00499426.json,22,11,5,7306.0,4,2,2,2,0.100063,medium
confirm_set_600,00503045,00503045.json,evidence/videocad/samples/dataverse/action_json_unpacked/action_json/00503045.json,38,19,5,10235.0,4,5,3,3,0.16825,medium
confirm_set_600,00503624,00503624.json,evidence/videocad/samples/dataverse/action_json_unpacked/action_json/00503624.json,42,21,5,5739.0,12,4,2,2,0.16391,medium
confirm_set_600,00507138,00507138.json,evidence/videocad/samples/dataverse/action_json_unpacked/action_json/00507138.json,50,25,4,13282.0,13,4,4,4,0.148452,medium
confirm_set_600,00512191,00512191.json,evidence/videocad/samples/dataverse/action_json_unpacked/action_json/00512191.json,26,13,5,5638.0,6,2,2,2,0.11134,medium
confirm_set_600,00514795,00514795.json,evidence/videocad/samples/dataverse/action_json_unpacked/action_json/00514795.json,44,22,4,10314.0,16,2,2,2,0.100509,medium
confirm_set_600,00516226,00516226.json,evidence/videocad/samples/dataverse/action_json_unpacked/action_json/00516226.json,46,23,4,9534.0,14,3,3,3,0.118707,medium
confirm_set_600,00517288,00517288.json,evidence/videocad/samples/dataverse/action_json_unpacked/action_json/00517288.json,26,13,5,5923.0,6,2,2,2,0.111654,medium
confirm_set_600,00518834,00518834.json,evidence/videocad/samples/dataverse/action_json_unpacked/action_json/00518834.json,34,17,5,10001.0,6,3,3,3,0.154877,medium
confirm_set_600,00519317,00519317.json,evidence/videocad/samples/dataverse/action_json_unpacked/action_json/00519317.json,36,18,5,5818.0,8,4,2,2,0.144325,medium
confirm_set_600,00525767,00525767.json,evidence/videocad/samples/dataverse/action_json_unpacked/action_json/00525767.json,30,15,5,12818.0,4,3,3,3,0.144867,medium
confirm_set_600,00540761,00540761.json,evidence/videocad/samples/dataverse/action_json_unpacked/action_json/00540761.json,24,12,5,5110.0,5,2,2,2,0.1042,medium
confirm_set_600,00545053,00545053.json,evidence/videocad/samples/dataverse/action_json_unpacked/action_json/00545053.json,56,28,4,8631.0,19,3,3,3,0.150499,medium
confirm_set_600,00545864,00545864.json,evidence/videocad/samples/dataverse/action_json_unpacked/action_json/00545864.json,32,16,6,6613.0,4,3,3,3,0.219586,medium
confirm_set_600,00562481,00562481.json,evidence/videocad/samples/dataverse/action_json_unpacked/action_json/00562481.json,42,21,4,8653.0,12,3,3,3,0.104621,medium
confirm_set_600,00566717,00566717.json,evidence/videocad/samples/dataverse/action_json_unpacked/action_json/00566717.json,30,15,6,6827.0,3,4,2,2,0.200765,medium
confirm_set_600,00588155,00588155.json,evidence/videocad/samples/dataverse/action_json_unpacked/action_json/00588155.json,50,25,4,7727.0,18,3,2,2,0.11733,medium
confirm_set_600,00601396,00601396.json,evidence/videocad/samples/dataverse/action_json_unpacked/action_json/00601396.json,60,30,4,11801.0,20,4,3,3,0.167107,medium
confirm_set_600,00602979,00602979.json,evidence/videocad/samples/dataverse/action_json_unpacked/action_json/00602979.json,50,25,4,9872.0,16,3,3,3,0.132194,medium
confirm_set_600,00604850,00604850.json,evidence/videocad/samples/dataverse/action_json_unpacked/action_json/00604850.json,50,25,5,12273.0,8,3,3,3,0.20984,medium
confirm_set_600,00608662,00608662.json,evidence/videocad/samples/dataverse/action_json_unpacked/action_json/00608662.json,56,28,4,12421.0,16,4,4,4,0.167175,medium
confirm_set_600,00610107,00610107.json,evidence/videocad/samples/dataverse/action_json_unpacked/action_json/00610107.json,48,24,4,12426.0,0,8,4,4,0.140951,medium
confirm_set_600,00613369,00613369.json,evidence/videocad/samples/dataverse/action_json_unpacked/action_json/00613369.json,52,26,4,10376.0,20,2,2,2,0.126807,medium
confirm_set_600,00624793,00624793.json,evidence/videocad/samples/dataverse/action_json_unpacked/action_json/00624793.json,26,13,5,7131.0,4,3,2,2,0.112985,medium
confirm_set_600,00629449,00629449.json,evidence/videocad/samples/dataverse/action_json_unpacked/action_json/00629449.json,52,26,4,11291.0,16,4,3,3,0.140315,medium
confirm_set_600,00633463,00633463.json,evidence/videocad/samples/dataverse/action_json_unpacked/action_json/00633463.json,38,19,5,12052.0,9,3,3,3,0.170252,medium
confirm_set_600,00640013,00640013.json,evidence/videocad/samples/dataverse/action_json_unpacked/action_json/00640013.json,26,13,5,6564.0,4,3,2,2,0.11236,medium
confirm_set_600,00640405,00640405.json,evidence/videocad/samples/dataverse/action_json_unpacked/action_json/00640405.json,42,21,5,8855.0,9,4,3,3,0.179844,medium
confirm_set_600,00640427,00640427.json,evidence/videocad/samples/dataverse/action_json_unpacked/action_json/00640427.json,38,19,5,5734.0,9,4,2,2,0.15079,medium
confirm_set_600,00644605,00644605.json,evidence/videocad/samples/dataverse/action_json_unpacked/action_json/00644605.json,38,19,5,9898.0,8,3,3,3,0.167878,medium
confirm_set_600,00644733,00644733.json,evidence/videocad/samples/dataverse/action_json_unpacked/action_json/00644733.json,18,9,6,5847.0,1,2,2,2,0.16034,medium
confirm_set_600,00644982,00644982.json,evidence/videocad/samples/dataverse/action_json_unpacked/action_json/00644982.json,36,18,5,10975.0,5,4,3,3,0.162508,medium
confirm_set_600,00648681,00648681.json,evidence/videocad/samples/dataverse/action_json_unpacked/action_json/00648681.json,72,36,4,13748.0,24,6,3,3,0.208596,medium
confirm_set_600,00654615,00654615.json,evidence/videocad/samples/dataverse/action_json_unpacked/action_json/00654615.json,22,11,5,7387.0,4,2,2,2,0.100152,medium
confirm_set_600,00655528,00655528.json,evidence/videocad/samples/dataverse/action_json_unpacked/action_json/00655528.json,42,21,4,18930.0,12,3,3,3,0.115946,medium
confirm_set_600,00666727,00666727.json,evidence/videocad/samples/dataverse/action_json_unpacked/action_json/00666727.json,34,17,5,10884.0,7,3,3,3,0.15585,medium
confirm_set_600,00670267,00670267.json,evidence/videocad/samples/dataverse/action_json_unpacked/action_json/00670267.json,36,18,6,6611.0,8,3,2,2,0.220199,medium
confirm_set_600,00673423,00673423.json,evidence/videocad/samples/dataverse/action_json_unpacked/action_json/00673423.json,36,18,5,9632.0,8,3,3,3,0.161028,medium
confirm_set_600,00676838,00676838.json,evidence/videocad/samples/dataverse/action_json_unpacked/action_json/00676838.json,44,22,5,11269.0,8,6,2,2,0.176561,medium
confirm_set_600,00685305,00685305.json,evidence/videocad/samples/dataverse/action_json_unpacked/action_json/00685305.json,30,15,5,11989.0,8,2,2,2,0.131453,medium
confirm_set_600,00685896,00685896.json,evidence/videocad/samples/dataverse/action_json_unpacked/action_json/00685896.json,44,22,5,16237.0,8,4,4,4,0.207036,medium
confirm_set_600,00686968,00686968.json,evidence/videocad/samples/dataverse/action_json_unpacked/action_json/00686968.json,40,20,5,11403.0,10,3,3,3,0.176094,medium
confirm_set_600,00689553,00689553.json,evidence/videocad/samples/dataverse/action_json_unpacked/action_json/00689553.json,42,21,5,13311.0,12,3,2,2,0.172254,medium
confirm_set_600,00691998,00691998.json,evidence/videocad/samples/dataverse/action_json_unpacked/action_json/00691998.json,32,16,6,8530.0,4,3,3,3,0.221699,medium
confirm_set_600,00698442,00698442.json,evidence/videocad/samples/dataverse/action_json_unpacked/action_json/00698442.json,26,13,6,6589.0,4,2,2,2,0.187388,medium
confirm_set_600,00711390,00711390.json,evidence/videocad/samples/dataverse/action_json_unpacked/action_json/00711390.json,36,18,5,11490.0,8,3,3,3,0.163075,medium
confirm_set_600,00714572,00714572.json,evidence/videocad/samples/dataverse/action_json_unpacked/action_json/00714572.json,64,32,4,9553.0,22,4,3,3,0.177744,medium
confirm_set_600,00723774,00723774.json,evidence/videocad/samples/dataverse/action_json_unpacked/action_json/00723774.json,42,21,4,13778.0,12,3,3,3,0.110269,medium
confirm_set_600,00724525,00724525.json,evidence/videocad/samples/dataverse/action_json_unpacked/action_json/00724525.json,50,25,5,9089.0,12,5,3,3,0.206331,medium
confirm_set_600,00725416,00725416.json,evidence/videocad/samples/dataverse/action_json_unpacked/action_json/00725416.json,26,13,5,5807.0,6,2,2,2,0.111526,medium
confirm_set_600,00725468,00725468.json,evidence/videocad/samples/dataverse/action_json_unpacked/action_json/00725468.json,30,15,5,6287.0,6,3,2,2,0.12517,medium
confirm_set_600,00725806,00725806.json,evidence/videocad/samples/dataverse/action_json_unpacked/action_json/00725806.json,46,23,4,10713.0,14,3,3,3,0.120006,medium
confirm_set_600,00727923,00727923.json,evidence/videocad/samples/dataverse/action_json_unpacked/action_json/00727923.json,36,18,5,6895.0,10,2,2,2,0.145512,medium
confirm_set_600,00728960,00728960.json,evidence/videocad/samples/dataverse/action_json_unpacked/action_json/00728960.json,30,15,5,8622.0,4,4,2,2,0.127743,medium
confirm_set_600,00729610,00729610.json,evidence/videocad/samples/dataverse/action_json_unpacked/action_json/00729610.json,30,15,5,9957.0,4,3,3,3,0.141714,medium
confirm_set_600,00729876,00729876.json,evidence/videocad/samples/dataverse/action_json_unpacked/action_json/00729876.json,52,26,4,6268.0,18,4,2,2,0.12228,medium
confirm_set_600,00735137,00735137.json,evidence/videocad/samples/dataverse/action_json_unpacked/action_json/00735137.json,54,27,5,11979.0,6,8,3,3,0.222631,medium
confirm_set_600,00741164,00741164.json,evidence/videocad/samples/dataverse/action_json_unpacked/action_json/00741164.json,50,25,5,12352.0,6,6,4,4,0.222427,medium
confirm_set_600,00745982,00745982.json,evidence/videocad/samples/dataverse/action_json_unpacked/action_json/00745982.json,26,13,5,5762.0,6,2,2,2,0.111476,medium
confirm_set_600,00747645,00747645.json,evidence/videocad/samples/dataverse/action_json_unpacked/action_json/00747645.json,48,24,4,10655.0,15,3,3,3,0.126499,medium
confirm_set_600,00749163,00749163.json,evidence/videocad/samples/dataverse/action_json_unpacked/action_json/00749163.json,42,21,4,10540.0,12,3,3,3,0.106701,medium
confirm_set_600,00750860,00750860.json,evidence/videocad/samples/dataverse/action_json_unpacked/action_json/00750860.json,26,13,5,6149.0,6,2,2,2,0.111903,medium
confirm_set_600,00755014,00755014.json,evidence/videocad/samples/dataverse/action_json_unpacked/action_json/00755014.json,32,16,6,8204.0,3,3,3,3,0.221339,medium
confirm_set_600,00756512,00756512.json,evidence/videocad/samples/dataverse/action_json_unpacked/action_json/00756512.json,46,23,4,10600.0,14,3,3,3,0.119881,medium
confirm_set_600,00756610,00756610.json,evidence/videocad/samples/dataverse/action_json_unpacked/action_json/00756610.json,28,14,5,6222.0,5,2,2,2,0.118541,medium
confirm_set_600,00758614,00758614.json,evidence/videocad/samples/dataverse/action_json_unpacked/action_json/00758614.json,42,21,4,12384.0,12,3,3,3,0.108733,medium
confirm_set_600,00759379,00759379.json,evidence/videocad/samples/dataverse/action_json_unpacked/action_json/00759379.json,38,19,5,9256.0,6,4,3,3,0.167171,medium
confirm_set_600,00759614,00759614.json,evidence/videocad/samples/dataverse/action_json_unpacked/action_json/00759614.json,42,21,4,8177.0,12,3,3,3,0.104097,medium
confirm_set_600,00762111,00762111.json,evidence/videocad/samples/dataverse/action_json_unpacked/action_json/00762111.json,44,22,5,17752.0,8,4,4,4,0.208705,medium
confirm_set_600,00762255,00762255.json,evidence/videocad/samples/dataverse/action_json_unpacked/action_json/00762255.json,38,19,5,9289.0,4,5,3,3,0.167207,medium
confirm_set_600,00764891,00764891.json,evidence/videocad/samples/dataverse/action_json_unpacked/action_json/00764891.json,46,23,4,13991.0,14,3,3,3,0.123618,medium
confirm_set_600,00777547,00777547.json,evidence/videocad/samples/dataverse/action_json_unpacked/action_json/00777547.json,56,28,4,12949.0,16,4,4,4,0.167757,medium
confirm_set_600,00779529,00779529.json,evidence/videocad/samples/dataverse/action_json_unpacked/action_json/00779529.json,30,15,6,5853.0,4,2,2,2,0.199691,medium
confirm_set_600,00783301,00783301.json,evidence/videocad/samples/dataverse/action_json_unpacked/action_json/00783301.json,46,23,5,9497.0,12,4,3,3,0.193666,medium
confirm_set_600,00783517,00783517.json,evidence/videocad/samples/dataverse/action_json_unpacked/action_json/00783517.json,30,15,5,5366.0,4,4,2,2,0.124155,medium
confirm_set_600,00786723,00786723.json,evidence/videocad/samples/dataverse/action_json_unpacked/action_json/00786723.json,48,24,5,9381.0,8,6,3,3,0.200096,medium
confirm_set_600,00787176,00787176.json,evidence/videocad/samples/dataverse/action_json_unpacked/action_json/00787176.json,38,19,5,12489.0,7,3,3,3,0.170734,medium
confirm_set_600,00789725,00789725.json,evidence/videocad/samples/dataverse/action_json_unpacked/action_json/00789725.json,48,24,4,6384.0,16,4,2,2,0.109293,medium
confirm_set_600,00792336,00792336.json,evidence/videocad/samples/dataverse/action_json_unpacked/action_json/00792336.json,56,28,4,18942.0,0,7,7,7,0.211861,medium
confirm_set_600,00795328,00795328.json,evidence/videocad/samples/dataverse/action_json_unpacked/action_json/00795328.json,56,28,4,12660.0,20,4,2,2,0.142438,medium
confirm_set_600,00806809,00806809.json,evidence/videocad/samples/dataverse/action_json_unpacked/action_json/00806809.json,34,17,5,8622.0,6,3,3,3,0.153357,medium
confirm_set_600,00809866,00809866.json,evidence/videocad/samples/dataverse/action_json_unpacked/action_json/00809866.json,56,28,4,13359.0,16,4,4,4,0.168209,medium
confirm_set_600,00811125,00811125.json,evidence/videocad/samples/dataverse/action_json_unpacked/action_json/00811125.json,48,24,4,10854.0,15,3,3,3,0.126719,medium
confirm_set_600,00811214,00811214.json,evidence/videocad/samples/dataverse/action_json_unpacked/action_json/00811214.json,48,24,5,9838.0,16,2,2,2,0.188099,medium
confirm_set_600,00824096,00824096.json,evidence/videocad/samples/dataverse/action_json_unpacked/action_json/00824096.json,58,29,4,13497.0,17,4,4,4,0.174918,medium
confirm_set_600,00829406,00829406.json,evidence/videocad/samples/dataverse/action_json_unpacked/action_json/00829406.json,44,22,4,16682.0,13,3,3,3,0.120026,medium
confirm_set_600,00835978,00835978.json,evidence/videocad/samples/dataverse/action_json_unpacked/action_json/00835978.json,44,22,5,8688.0,14,2,2,2,0.173717,medium
confirm_set_600,00841211,00841211.json,evidence/videocad/samples/dataverse/action_json_unpacked/action_json/00841211.json,28,14,5,6267.0,4,2,2,2,0.11859,medium
confirm_set_600,00841514,00841514.json,evidence/videocad/samples/dataverse/action_json_unpacked/action_json/00841514.json,48,24,4,9368.0,15,3,3,3,0.125081,medium
confirm_set_600,00845150,00845150.json,evidence/videocad/samples/dataverse/action_json_unpacked/action_json/00845150.json,50,25,5,12757.0,12,4,4,4,0.222873,medium
confirm_set_600,00846954,00846954.json,evidence/videocad/samples/dataverse/action_json_unpacked/action_json/00846954.json,72,36,4,16933.0,24,4,4,4,0.224606,medium
confirm_set_600,00848362,00848362.json,evidence/videocad/samples/dataverse/action_json_unpacked/action_json/00848362.json,70,35,4,15496.0,24,5,3,3,0.203965,medium
confirm_set_600,00860199,00860199.json,evidence/videocad/samples/dataverse/action_json_unpacked/action_json/00860199.json,60,30,4,12216.0,0,10,5,5,0.192564,medium
confirm_set_600,00864880,00864880.json,evidence/videocad/samples/dataverse/action_json_unpacked/action_json/00864880.json,38,19,5,4889.0,10,3,2,2,0.149859,medium
confirm_set_600,00867687,00867687.json,evidence/videocad/samples/dataverse/action_json_unpacked/action_json/00867687.json,28,14,5,4597.0,4,2,2,2,0.11675,medium
confirm_set_600,00869632,00869632.json,evidence/videocad/samples/dataverse/action_json_unpacked/action_json/00869632.json,46,23,4,10882.0,14,3,3,3,0.120192,medium
confirm_set_600,00874602,00874602.json,evidence/videocad/samples/dataverse/action_json_unpacked/action_json/00874602.json,42,21,4,9595.0,12,3,3,3,0.105659,medium
confirm_set_600,00877863,00877863.json,evidence/videocad/samples/dataverse/action_json_unpacked/action_json/00877863.json,58,29,4,11483.0,20,5,2,2,0.147699,medium
confirm_set_600,00880280,00880280.json,evidence/videocad/samples/dataverse/action_json_unpacked/action_json/00880280.json,54,27,4,8504.0,20,3,2,2,0.131301,medium
confirm_set_600,00887871,00887871.json,evidence/videocad/samples/dataverse/action_json_unpacked/action_json/00887871.json,26,13,6,9009.0,2,3,2,2,0.190054,medium
confirm_set_600,00896380,00896380.json,evidence/videocad/samples/dataverse/action_json_unpacked/action_json/00896380.json,48,24,4,14279.0,16,4,2,2,0.117993,medium
confirm_set_600,00904818,00904818.json,evidence/videocad/samples/dataverse/action_json_unpacked/action_json/00904818.json,26,13,5,6904.0,4,3,2,2,0.112735,medium
confirm_set_600,00911721,00911721.json,evidence/videocad/samples/dataverse/action_json_unpacked/action_json/00911721.json,72,36,4,17981.0,24,4,4,4,0.225761,medium
confirm_set_600,00919144,00919144.json,evidence/videocad/samples/dataverse/action_json_unpacked/action_json/00919144.json,34,17,5,8120.0,6,3,3,3,0.152804,medium
confirm_set_600,00921806,00921806.json,evidence/videocad/samples/dataverse/action_json_unpacked/action_json/00921806.json,48,24,4,11018.0,0,8,4,4,0.139399,medium
confirm_set_600,00924575,00924575.json,evidence/videocad/samples/dataverse/action_json_unpacked/action_json/00924575.json,38,19,5,14131.0,4,4,4,4,0.185043,medium
confirm_set_600,00939724,00939724.json,evidence/videocad/samples/dataverse/action_json_unpacked/action_json/00939724.json,38,19,5,13375.0,4,4,4,4,0.18421,medium
confirm_set_600,00953672,00953672.json,evidence/videocad/samples/dataverse/action_json_unpacked/action_json/00953672.json,56,28,4,16705.0,16,4,4,4,0.171896,medium
confirm_set_600,00954782,00954782.json,evidence/videocad/samples/dataverse/action_json_unpacked/action_json/00954782.json,22,11,5,7611.0,4,2,2,2,0.100399,medium
confirm_set_600,00958603,00958603.json,evidence/videocad/samples/dataverse/action_json_unpacked/action_json/00958603.json,36,18,5,8070.0,8,3,3,3,0.159307,medium
confirm_set_600,00976414,00976414.json,evidence/videocad/samples/dataverse/action_json_unpacked/action_json/00976414.json,34,17,5,7072.0,4,4,3,3,0.151649,medium
confirm_set_600,00981348,00981348.json,evidence/videocad/samples/dataverse/action_json_unpacked/action_json/00981348.json,38,19,5,8775.0,7,3,3,3,0.166641,medium
confirm_set_600,00987539,00987539.json,evidence/videocad/samples/dataverse/action_json_unpacked/action_json/00987539.json,44,22,4,11757.0,16,2,2,2,0.102099,medium
confirm_set_600,00989505,00989505.json,evidence/videocad/samples/dataverse/action_json_unpacked/action_json/00989505.json,26,13,5,8184.0,6,2,2,2,0.114145,medium
confirm_set_600,00994722,00994722.json,evidence/videocad/samples/dataverse/action_json_unpacked/action_json/00994722.json,36,18,5,9867.0,8,3,3,3,0.161287,medium
confirm_set_600,00994738,00994738.json,evidence/videocad/samples/dataverse/action_json_unpacked/action_json/00994738.json,36,18,5,10506.0,8,3,3,3,0.161991,medium
confirm_set_600,00005057,00005057.json,evidence/videocad/samples/dataverse/action_json_unpacked/action_json/00005057.json,42,21,6,6753.0,2,6,3,3,0.252527,high
confirm_set_600,00042224,00042224.json,evidence/videocad/samples/dataverse/action_json_unpacked/action_json/00042224.json,86,43,4,29766.0,28,5,5,5,0.29715,high
confirm_set_600,00046396,00046396.json,evidence/videocad/samples/dataverse/action_json_unpacked/action_json/00046396.json,72,36,5,20405.0,10,6,6,6,0.328432,high
confirm_set_600,00049435,00049435.json,evidence/videocad/samples/dataverse/action_json_unpacked/action_json/00049435.json,78,39,6,21738.0,13,7,6,6,0.424573,high
confirm_set_600,00054348,00054348.json,evidence/videocad/samples/dataverse/action_json_unpacked/action_json/00054348.json,52,26,6,11528.0,4,6,4,4,0.303076,high
confirm_set_600,00056665,00056665.json,evidence/videocad/samples/dataverse/action_json_unpacked/action_json/00056665.json,94,47,4,24597.0,35,4,4,4,0.305183,high
confirm_set_600,00063701,00063701.json,evidence/videocad/samples/dataverse/action_json_unpacked/action_json/00063701.json,120,60,6,42883.0,8,12,5,5,0.57308,high
confirm_set_600,00067200,00067200.json,evidence/videocad/samples/dataverse/action_json_unpacked/action_json/00067200.json,78,39,5,20367.0,20,6,6,6,0.348063,high
confirm_set_600,00067300,00067300.json,evidence/videocad/samples/dataverse/action_json_unpacked/action_json/00067300.json,38,19,6,7989.0,2,5,3,3,0.240775,high
confirm_set_600,00073875,00073875.json,evidence/videocad/samples/dataverse/action_json_unpacked/action_json/00073875.json,60,30,6,15551.0,2,8,5,5,0.346239,high
confirm_set_600,00076931,00076931.json,evidence/videocad/samples/dataverse/action_json_unpacked/action_json/00076931.json,62,31,5,28510.0,12,5,5,5,0.292077,high
confirm_set_600,00078360,00078360.json,evidence/videocad/samples/dataverse/action_json_unpacked/action_json/00078360.json,94,47,6,32442.0,15,9,8,8,0.513828,high
confirm_set_600,00080359,00080359.json,evidence/videocad/samples/dataverse/action_json_unpacked/action_json/00080359.json,60,30,6,12475.0,4,8,4,4,0.330349,high
confirm_set_600,00090982,00090982.json,evidence/videocad/samples/dataverse/action_json_unpacked/action_json/00090982.json,90,45,6,27525.0,11,9,6,6,0.470295,high
confirm_set_600,00100838,00100838.json,evidence/videocad/samples/dataverse/action_json_unpacked/action_json/00100838.json,118,59,5,33958.0,6,18,9,9,0.531687,high
confirm_set_600,00101411,00101411.json,evidence/videocad/samples/dataverse/action_json_unpacked/action_json/00101411.json,104,52,5,22568.0,30,6,6,6,0.435734,high
confirm_set_600,00107149,00107149.json,evidence/videocad/samples/dataverse/action_json_unpacked/action_json/00107149.json,36,18,6,11544.0,5,4,3,3,0.238135,high
confirm_set_600,00111123,00111123.json,evidence/videocad/samples/dataverse/action_json_unpacked/action_json/00111123.json,56,28,5,15984.0,8,6,5,5,0.258601,high
confirm_set_600,00116137,00116137.json,evidence/videocad/samples/dataverse/action_json_unpacked/action_json/00116137.json,102,51,6,39097.0,18,9,8,8,0.547391,high
confirm_set_600,00125064,00125064.json,evidence/videocad/samples/dataverse/action_json_unpacked/action_json/00125064.json,76,38,6,26012.0,14,6,6,6,0.422726,high
confirm_set_600,00126026,00126026.json,evidence/videocad/samples/dataverse/action_json_unpacked/action_json/00126026.json,110,55,5,25866.0,20,9,9,9,0.49654,high
confirm_set_600,00126295,00126295.json,evidence/videocad/samples/dataverse/action_json_unpacked/action_json/00126295.json,58,29,5,12272.0,16,3,3,3,0.236068,high
confirm_set_600,00130773,00130773.json,evidence/videocad/samples/dataverse/action_json_unpacked/action_json/00130773.json,60,30,6,13857.0,14,5,4,4,0.331872,high
confirm_set_600,00135717,00135717.json,evidence/videocad/samples/dataverse/action_json_unpacked/action_json/00135717.json,58,29,6,16395.0,10,5,5,5,0.340612,high
confirm_set_600,00136936,00136936.json,evidence/videocad/samples/dataverse/action_json_unpacked/action_json/00136936.json,84,42,5,21307.0,14,6,6,6,0.368771,high
confirm_set_600,00140086,00140086.json,evidence/videocad/samples/dataverse/action_json_unpacked/action_json/00140086.json,76,38,6,14258.0,15,9,4,4,0.384773,high
confirm_set_600,00145179,00145179.json,evidence/videocad/samples/dataverse/action_json_unpacked/action_json/00145179.json,56,28,5,20103.0,8,6,5,5,0.26314,high
confirm_set_600,00145601,00145601.json,evidence/videocad/samples/dataverse/action_json_unpacked/action_json/00145601.json,64,32,5,10314.0,9,9,3,3,0.253583,high
confirm_set_600,00187438,00187438.json,evidence/videocad/samples/dataverse/action_json_unpacked/action_json/00187438.json,78,39,4,16825.0,24,5,5,5,0.256659,high
confirm_set_600,00190860,00190860.json,evidence/videocad/samples/dataverse/action_json_unpacked/action_json/00190860.json,78,39,5,11594.0,28,3,3,3,0.300895,high
confirm_set_600,00192555,00192555.json,evidence/videocad/samples/dataverse/action_json_unpacked/action_json/00192555.json,106,53,5,31401.0,28,8,8,8,0.477025,high
confirm_set_600,00193095,00193095.json,evidence/videocad/samples/dataverse/action_json_unpacked/action_json/00193095.json,128,64,4,33955.0,37,9,9,9,0.489471,high
confirm_set_600,00200082,00200082.json,evidence/videocad/samples/dataverse/action_json_unpacked/action_json/00200082.json,102,51,5,26683.0,16,9,9,9,0.471211,high
confirm_set_600,00204413,00204413.json,evidence/videocad/samples/dataverse/action_json_unpacked/action_json/00204413.json,74,37,5,14691.0,22,5,3,3,0.291193,high
confirm_set_600,00207855,00207855.json,evidence/videocad/samples/dataverse/action_json_unpacked/action_json/00207855.json,112,56,4,39995.0,32,8,8,8,0.431168,high
confirm_set_600,00212225,00212225.json,evidence/videocad/samples/dataverse/action_json_unpacked/action_json/00212225.json,84,42,4,28004.0,24,6,6,6,0.30115,high
confirm_set_600,00212242,00212242.json,evidence/videocad/samples/dataverse/action_json_unpacked/action_json/00212242.json,86,43,5,24408.0,14,7,7,7,0.391245,high
confirm_set_600,00212442,00212442.json,evidence/videocad/samples/dataverse/action_json_unpacked/action_json/00212442.json,62,31,5,9966.0,12,3,2,2,0.234142,high
confirm_set_600,00216292,00216292.json,evidence/videocad/samples/dataverse/action_json_unpacked/action_json/00216292.json,58,29,6,17057.0,10,4,4,4,0.328841,high
confirm_set_600,00216512,00216512.json,evidence/videocad/samples/dataverse/action_json_unpacked/action_json/00216512.json,106,53,6,30410.0,32,7,4,4,0.500933,high
confirm_set_600,00217697,00217697.json,evidence/videocad/samples/dataverse/action_json_unpacked/action_json/00217697.json,86,43,6,19518.0,12,6,5,5,0.435856,high
confirm_set_600,00240156,00240156.json,evidence/videocad/samples/dataverse/action_json_unpacked/action_json/00240156.json,68,34,4,27296.0,19,5,5,5,0.235411,high
confirm_set_600,00240974,00240974.json,evidence/videocad/samples/dataverse/action_json_unpacked/action_json/00240974.json,76,38,5,17002.0,0,9,3,3,0.300297,high
confirm_set_600,00241220,00241220.json,evidence/videocad/samples/dataverse/action_json_unpacked/action_json/00241220.json,112,56,4,34861.0,38,6,6,6,0.40051,high
confirm_set_600,00241706,00241706.json,evidence/videocad/samples/dataverse/action_json_unpacked/action_json/00241706.json,58,29,5,13210.0,16,3,3,3,0.237102,high
confirm_set_600,00244056,00244056.json,evidence/videocad/samples/dataverse/action_json_unpacked/action_json/00244056.json,50,25,6,13671.0,8,4,4,4,0.29888,high
confirm_set_600,00246949,00246949.json,evidence/videocad/samples/dataverse/action_json_unpacked/action_json/00246949.json,70,35,4,18717.0,20,5,5,5,0.232515,high
confirm_set_600,00248921,00248921.json,evidence/videocad/samples/dataverse/action_json_unpacked/action_json/00248921.json,56,28,6,22285.0,9,5,3,3,0.315545,high
confirm_set_600,00249186,00249186.json,evidence/videocad/samples/dataverse/action_json_unpacked/action_json/00249186.json,38,19,6,10293.0,2,5,3,3,0.243314,high
confirm_set_600,00256189,00256189.json,evidence/videocad/samples/dataverse/action_json_unpacked/action_json/00256189.json,90,45,6,20735.0,7,12,7,7,0.475312,high
confirm_set_600,00260506,00260506.json,evidence/videocad/samples/dataverse/action_json_unpacked/action_json/00260506.json,120,60,4,24594.0,40,8,6,6,0.415426,high
confirm_set_600,00263467,00263467.json,evidence/videocad/samples/dataverse/action_json_unpacked/action_json/00263467.json,54,27,6,13862.0,3,7,4,4,0.312206,high
confirm_set_600,00265240,00265240.json,evidence/videocad/samples/dataverse/action_json_unpacked/action_json/00265240.json,50,25,5,16277.0,4,6,5,5,0.239252,high
confirm_set_600,00267785,00267785.json,evidence/videocad/samples/dataverse/action_json_unpacked/action_json/00267785.json,58,29,6,22323.0,14,7,2,2,0.309644,high
confirm_set_600,00269561,00269561.json,evidence/videocad/samples/dataverse/action_json_unpacked/action_json/00269561.json,42,21,6,12357.0,4,4,4,4,0.271203,high
confirm_set_600,00276880,00276880.json,evidence/videocad/samples/dataverse/action_json_unpacked/action_json/00276880.json,66,33,5,23580.0,12,6,6,6,0.312259,high
confirm_set_600,00277086,00277086.json,evidence/videocad/samples/dataverse/action_json_unpacked/action_json/00277086.json,62,31,5,26658.0,4,7,7,7,0.315036,high
confirm_set_600,00277274,00277274.json,evidence/videocad/samples/dataverse/action_json_unpacked/action_json/00277274.json,84,42,4,19052.0,24,6,6,6,0.291286,high
confirm_set_600,00277520,00277520.json,evidence/videocad/samples/dataverse/action_json_unpacked/action_json/00277520.json,56,28,5,22099.0,10,4,4,4,0.25284,high
confirm_set_600,00279368,00279368.json,evidence/videocad/samples/dataverse/action_json_unpacked/action_json/00279368.json,132,66,4,43349.0,45,7,7,7,0.487937,high
confirm_set_600,00281869,00281869.json,evidence/videocad/samples/dataverse/action_json_unpacked/action_json/00281869.json,84,42,6,25836.0,14,8,6,6,0.448761,high
confirm_set_600,00283613,00283613.json,evidence/videocad/samples/dataverse/action_json_unpacked/action_json/00283613.json,78,39,4,13562.0,24,5,5,5,0.253064,high
confirm_set_600,00283662,00283662.json,evidence/videocad/samples/dataverse/action_json_unpacked/action_json/00283662.json,38,19,6,9911.0,6,4,3,3,0.242893,high
confirm_set_600,00284027,00284027.json,evidence/videocad/samples/dataverse/action_json_unpacked/action_json/00284027.json,70,35,4,15613.0,20,5,5,5,0.229094,high
confirm_set_600,00285064,00285064.json,evidence/videocad/samples/dataverse/action_json_unpacked/action_json/00285064.json,48,24,6,9931.0,4,6,3,3,0.275702,high
confirm_set_600,00286702,00286702.json,evidence/videocad/samples/dataverse/action_json_unpacked/action_json/00286702.json,72,36,6,17955.0,4,10,5,5,0.388232,high
confirm_set_600,00288007,00288007.json,evidence/videocad/samples/dataverse/action_json_unpacked/action_json/00288007.json,70,35,5,19313.0,12,5,5,5,0.308172,high
confirm_set_600,00304055,00304055.json,evidence/videocad/samples/dataverse/action_json_unpacked/action_json/00304055.json,108,54,6,38625.0,24,6,4,4,0.516543,high
confirm_set_600,00304257,00304257.json,evidence/videocad/samples/dataverse/action_json_unpacked/action_json/00304257.json,38,19,6,10720.0,2,5,3,3,0.243784,high
confirm_set_600,00306527,00306527.json,evidence/videocad/samples/dataverse/action_json_unpacked/action_json/00306527.json,68,34,5,14523.0,18,6,4,4,0.283836,high
confirm_set_600,00307961,00307961.json,evidence/videocad/samples/dataverse/action_json_unpacked/action_json/00307961.json,70,35,4,19236.0,20,5,5,5,0.233087,high
confirm_set_600,00314297,00314297.json,evidence/videocad/samples/dataverse/action_json_unpacked/action_json/00314297.json,104,52,5,28103.0,16,8,8,8,0.466833,high
confirm_set_600,00324457,00324457.json,evidence/videocad/samples/dataverse/action_json_unpacked/action_json/00324457.json,74,37,4,29305.0,22,5,5,5,0.257297,high
confirm_set_600,00329408,00329408.json,evidence/videocad/samples/dataverse/action_json_unpacked/action_json/00329408.json,70,35,6,14660.0,13,5,5,5,0.378044,high
confirm_set_600,00340665,00340665.json,evidence/videocad/samples/dataverse/action_json_unpacked/action_json/00340665.json,104,52,4,31957.0,0,17,9,9,0.40858,high
confirm_set_600,00360516,00360516.json,evidence/videocad/samples/dataverse/action_json_unpacked/action_json/00360516.json,88,44,6,24976.0,6,11,6,6,0.460928,high
confirm_set_600,00361589,00361589.json,evidence/videocad/samples/dataverse/action_json_unpacked/action_json/00361589.json,66,33,5,14902.0,12,4,4,4,0.277696,high
confirm_set_600,00363805,00363805.json,evidence/videocad/samples/dataverse/action_json_unpacked/action_json/00363805.json,34,17,6,9472.0,2,4,3,3,0.229294,high
confirm_set_600,00378412,00378412.json,evidence/videocad/samples/dataverse/action_json_unpacked/action_json/00378412.json,78,39,4,32041.0,24,5,5,5,0.273427,high
confirm_set_600,00393774,00393774.json,evidence/videocad/samples/dataverse/action_json_unpacked/action_json/00393774.json,90,45,6,24037.0,9,11,7,7,0.478951,high
confirm_set_600,00406105,00406105.json,evidence/videocad/samples/dataverse/action_json_unpacked/action_json/00406105.json,78,39,4,22720.0,24,5,5,5,0.263156,high
confirm_set_600,00407169,00407169.json,evidence/videocad/samples/dataverse/action_json_unpacked/action_json/00407169.json,78,39,6,10946.0,12,7,2,2,0.362681,high
confirm_set_600,00418681,00418681.json,evidence/videocad/samples/dataverse/action_json_unpacked/action_json/00418681.json,70,35,4,14500.0,20,5,5,5,0.227868,high
confirm_set_600,00422621,00422621.json,evidence/videocad/samples/dataverse/action_json_unpacked/action_json/00422621.json,60,30,5,18759.0,8,6,6,6,0.287274,high
confirm_set_600,00425499,00425499.json,evidence/videocad/samples/dataverse/action_json_unpacked/action_json/00425499.json,62,31,5,10577.0,12,3,2,2,0.234815,high
confirm_set_600,00428860,00428860.json,evidence/videocad/samples/dataverse/action_json_unpacked/action_json/00428860.json,48,24,6,28533.0,6,4,3,3,0.296201,high
confirm_set_600,00429548,00429548.json,evidence/videocad/samples/dataverse/action_json_unpacked/action_json/00429548.json,126,63,4,30427.0,36,9,9,9,0.479026,high
confirm_set_600,00433289,00433289.json,evidence/videocad/samples/dataverse/action_json_unpacked/action_json/00433289.json,70,35,4,16531.0,20,5,5,5,0.230106,high
confirm_set_600,00436464,00436464.json,evidence/videocad/samples/dataverse/action_json_unpacked/action_json/00436464.json,56,28,5,9685.0,17,3,3,3,0.22666,high
confirm_set_600,00436810,00436810.json,evidence/videocad/samples/dataverse/action_json_unpacked/action_json/00436810.json,60,30,6,13739.0,10,6,3,3,0.319242,high
confirm_set_600,00446152,00446152.json,evidence/videocad/samples/dataverse/action_json_unpacked/action_json/00446152.json,82,41,5,23860.0,28,4,4,4,0.340027,high
confirm_set_600,00446799,00446799.json,evidence/videocad/samples/dataverse/action_json_unpacked/action_json/00446799.json,78,39,5,23978.0,20,6,6,6,0.352042,high
confirm_set_600,00448250,00448250.json,evidence/videocad/samples/dataverse/action_json_unpacked/action_json/00448250.json,88,44,4,33546.0,26,6,6,6,0.320372,high
confirm_set_600,00448651,00448651.json,evidence/videocad/samples/dataverse/action_json_unpacked/action_json/00448651.json,94,47,5,34959.0,29,5,5,5,0.404102,high
confirm_set_600,00462876,00462876.json,evidence/videocad/samples/dataverse/action_json_unpacked/action_json/00462876.json,62,31,5,8638.0,20,5,2,2,0.232678,high
confirm_set_600,00482621,00482621.json,evidence/videocad/samples/dataverse/action_json_unpacked/action_json/00482621.json,58,29,6,12247.0,9,6,3,3,0.311041,high
confirm_set_600,00483383,00483383.json,evidence/videocad/samples/dataverse/action_json_unpacked/action_json/00483383.json,80,40,6,18716.0,15,8,6,6,0.427801,high
confirm_set_600,00486583,00486583.json,evidence/videocad/samples/dataverse/action_json_unpacked/action_json/00486583.json,80,40,5,10975.0,23,7,4,4,0.31927,high
confirm_set_600,00487758,00487758.json,evidence/videocad/samples/dataverse/action_json_unpacked/action_json/00487758.json,110,55,5,35156.0,30,8,8,8,0.494278,high
confirm_set_600,00488451,00488451.json,evidence/videocad/samples/dataverse/action_json_unpacked/action_json/00488451.json,70,35,6,12938.0,6,5,4,4,0.363646,high
confirm_set_600,00494369,00494369.json,evidence/videocad/samples/dataverse/action_json_unpacked/action_json/00494369.json,56,28,5,11327.0,12,4,4,4,0.240969,high
confirm_set_600,00506997,00506997.json,evidence/videocad/samples/dataverse/action_json_unpacked/action_json/00506997.json,118,59,5,23422.0,40,8,5,5,0.470077,high
confirm_set_600,00547057,00547057.json,evidence/videocad/samples/dataverse/action_json_unpacked/action_json/00547057.json,62,31,5,10406.0,12,3,2,2,0.234627,high
confirm_set_600,00560832,00560832.json,evidence/videocad/samples/dataverse/action_json_unpacked/action_json/00560832.json,80,40,4,29942.0,0,10,10,10,0.340171,high
confirm_set_600,00560883,00560883.json,evidence/videocad/samples/dataverse/action_json_unpacked/action_json/00560883.json,52,26,6,13686.0,10,5,2,2,0.280454,high
confirm_set_600,00561271,00561271.json,evidence/videocad/samples/dataverse/action_json_unpacked/action_json/00561271.json,62,31,5,19312.0,14,5,5,5,0.281941,high
confirm_set_600,00561481,00561481.json,evidence/videocad/samples/dataverse/action_json_unpacked/action_json/00561481.json,46,23,6,10960.0,8,4,3,3,0.270278,high
confirm_set_600,00569566,00569566.json,evidence/videocad/samples/dataverse/action_json_unpacked/action_json/00569566.json,104,52,4,41126.0,40,4,4,4,0.356184,high
confirm_set_600,00570312,00570312.json,evidence/videocad/samples/dataverse/action_json_unpacked/action_json/00570312.json,46,23,6,13613.0,2,6,4,4,0.285702,high
confirm_set_600,00580877,00580877.json,evidence/videocad/samples/dataverse/action_json_unpacked/action_json/00580877.json,84,42,6,27587.0,4,11,7,7,0.463191,high
confirm_set_600,00582671,00582671.json,evidence/videocad/samples/dataverse/action_json_unpacked/action_json/00582671.json,66,33,6,12578.0,15,6,3,3,0.337635,high
confirm_set_600,00584123,00584123.json,evidence/videocad/samples/dataverse/action_json_unpacked/action_json/00584123.json,34,17,6,10463.0,2,4,3,3,0.230386,high
confirm_set_600,00584779,00584779.json,evidence/videocad/samples/dataverse/action_json_unpacked/action_json/00584779.json,66,33,5,15902.0,14,4,4,4,0.278798,high
confirm_set_600,00603453,00603453.json,evidence/videocad/samples/dataverse/action_json_unpacked/action_json/00603453.json,78,39,4,23281.0,24,5,5,5,0.263774,high
confirm_set_600,00606089,00606089.json,evidence/videocad/samples/dataverse/action_json_unpacked/action_json/00606089.json,80,40,5,29398.0,16,6,6,6,0.364572,high
confirm_set_600,00611818,00611818.json,evidence/videocad/samples/dataverse/action_json_unpacked/action_json/00611818.json,42,21,6,9098.0,2,6,3,3,0.255112,high
confirm_set_600,00615406,00615406.json,evidence/videocad/samples/dataverse/action_json_unpacked/action_json/00615406.json,62,31,6,20252.0,6,7,4,4,0.345477,high
confirm_set_600,00619432,00619432.json,evidence/videocad/samples/dataverse/action_json_unpacked/action_json/00619432.json,38,19,6,8687.0,2,5,3,3,0.241544,high
confirm_set_600,00624426,00624426.json,evidence/videocad/samples/dataverse/action_json_unpacked/action_json/00624426.json,60,30,6,14341.0,3,5,4,4,0.332406,high
confirm_set_600,00632896,00632896.json,evidence/videocad/samples/dataverse/action_json_unpacked/action_json/00632896.json,126,63,5,32325.0,28,11,10,10,0.568617,high
confirm_set_600,00640664,00640664.json,evidence/videocad/samples/dataverse/action_json_unpacked/action_json/00640664.json,50,25,6,21437.0,2,7,4,4,0.307438,high
confirm_set_600,00641215,00641215.json,evidence/videocad/samples/dataverse/action_json_unpacked/action_json/00641215.json,76,38,4,23509.0,23,5,5,5,0.257468,high
confirm_set_600,00653274,00653274.json,evidence/videocad/samples/dataverse/action_json_unpacked/action_json/00653274.json,40,20,6,9632.0,9,3,3,3,0.249143,high
confirm_set_600,00673716,00673716.json,evidence/videocad/samples/dataverse/action_json_unpacked/action_json/00673716.json,74,37,6,17344.0,12,8,6,6,0.406617,high
confirm_set_600,00678024,00678024.json,evidence/videocad/samples/dataverse/action_json_unpacked/action_json/00678024.json,60,30,6,14523.0,14,5,4,4,0.332606,high
confirm_set_600,00692375,00692375.json,evidence/videocad/samples/dataverse/action_json_unpacked/action_json/00692375.json,38,19,6,10665.0,2,5,3,3,0.243724,high
confirm_set_600,00704705,00704705.json,evidence/videocad/samples/dataverse/action_json_unpacked/action_json/00704705.json,80,40,5,15463.0,20,8,4,4,0.324216,high
confirm_set_600,00707923,00707923.json,evidence/videocad/samples/dataverse/action_json_unpacked/action_json/00707923.json,78,39,4,25738.0,24,5,5,5,0.266481,high
confirm_set_600,00709202,00709202.json,evidence/videocad/samples/dataverse/action_json_unpacked/action_json/00709202.json,38,19,6,11691.0,2,5,3,3,0.244854,high
confirm_set_600,00719786,00719786.json,evidence/videocad/samples/dataverse/action_json_unpacked/action_json/00719786.json,70,35,4,18029.0,20,5,5,5,0.231757,high
confirm_set_600,00728265,00728265.json,evidence/videocad/samples/dataverse/action_json_unpacked/action_json/00728265.json,70,35,4,24285.0,0,5,5,5,0.238651,high
confirm_set_600,00739119,00739119.json,evidence/videocad/samples/dataverse/action_json_unpacked/action_json/00739119.json,96,48,5,24223.0,21,6,6,6,0.411328,high
confirm_set_600,00741665,00741665.json,evidence/videocad/samples/dataverse/action_json_unpacked/action_json/00741665.json,74,37,4,15446.0,22,5,5,5,0.242025,high
confirm_set_600,00741795,00741795.json,evidence/videocad/samples/dataverse/action_json_unpacked/action_json/00741795.json,40,20,6,9992.0,7,4,3,3,0.249539,high
confirm_set_600,00742840,00742840.json,evidence/videocad/samples/dataverse/action_json_unpacked/action_json/00742840.json,54,27,6,16065.0,2,7,5,5,0.327133,high
confirm_set_600,00743045,00743045.json,evidence/videocad/samples/dataverse/action_json_unpacked/action_json/00743045.json,80,40,5,18759.0,17,5,3,3,0.315348,high
confirm_set_600,00744390,00744390.json,evidence/videocad/samples/dataverse/action_json_unpacked/action_json/00744390.json,54,27,5,12664.0,4,8,4,4,0.235885,high
confirm_set_600,00748437,00748437.json,evidence/videocad/samples/dataverse/action_json_unpacked/action_json/00748437.json,132,66,5,31322.0,38,9,8,8,0.562184,high
confirm_set_600,00750616,00750616.json,evidence/videocad/samples/dataverse/action_json_unpacked/action_json/00750616.json,40,20,6,8971.0,8,4,2,2,0.235914,high
confirm_set_600,00756239,00756239.json,evidence/videocad/samples/dataverse/action_json_unpacked/action_json/00756239.json,98,49,5,32053.0,12,7,7,7,0.439014,high
confirm_set_600,00756275,00756275.json,evidence/videocad/samples/dataverse/action_json_unpacked/action_json/00756275.json,100,50,5,35004.0,10,7,7,7,0.448823,high
confirm_set_600,00759515,00759515.json,evidence/videocad/samples/dataverse/action_json_unpacked/action_json/00759515.json,46,23,6,9405.0,2,7,3,3,0.268565,high
confirm_set_600,00760076,00760076.json,evidence/videocad/samples/dataverse/action_json_unpacked/action_json/00760076.json,80,40,5,13395.0,24,6,4,4,0.321937,high
confirm_set_600,00762380,00762380.json,evidence/videocad/samples/dataverse/action_json_unpacked/action_json/00762380.json,50,25,6,13883.0,7,5,4,4,0.299114,high
confirm_set_600,00769531,00769531.json,evidence/videocad/samples/dataverse/action_json_unpacked/action_json/00769531.json,50,25,6,14180.0,7,5,4,4,0.299441,high
confirm_set_600,00771805,00771805.json,evidence/videocad/samples/dataverse/action_json_unpacked/action_json/00771805.json,118,59,4,27632.0,35,8,8,8,0.437216,high
confirm_set_600,00772357,00772357.json,evidence/videocad/samples/dataverse/action_json_unpacked/action_json/00772357.json,80,40,4,8563.0,31,3,3,3,0.229112,high
confirm_set_600,00772385,00772385.json,evidence/videocad/samples/dataverse/action_json_unpacked/action_json/00772385.json,110,55,4,24205.0,34,7,7,7,0.39471,high
confirm_set_600,00772464,00772464.json,evidence/videocad/samples/dataverse/action_json_unpacked/action_json/00772464.json,80,40,5,20133.0,14,6,6,6,0.354362,high
confirm_set_600,00777358,00777358.json,evidence/videocad/samples/dataverse/action_json_unpacked/action_json/00777358.json,60,30,5,10274.0,18,5,3,3,0.240424,high
confirm_set_600,00777897,00777897.json,evidence/videocad/samples/dataverse/action_json_unpacked/action_json/00777897.json,100,50,5,22809.0,24,10,6,6,0.422885,high
confirm_set_600,00778358,00778358.json,evidence/videocad/samples/dataverse/action_json_unpacked/action_json/00778358.json,58,29,5,10933.0,19,3,3,3,0.234593,high
confirm_set_600,00784866,00784866.json,evidence/videocad/samples/dataverse/action_json_unpacked/action_json/00784866.json,42,21,6,9134.0,2,6,3,3,0.255151,high
confirm_set_600,00798349,00798349.json,evidence/videocad/samples/dataverse/action_json_unpacked/action_json/00798349.json,102,51,6,19237.0,12,9,8,8,0.525506,high
confirm_set_600,00802561,00802561.json,evidence/videocad/samples/dataverse/action_json_unpacked/action_json/00802561.json,76,38,4,27695.0,23,5,5,5,0.26208,high
confirm_set_600,00804069,00804069.json,evidence/videocad/samples/dataverse/action_json_unpacked/action_json/00804069.json,46,23,6,15406.0,6,4,4,4,0.287678,high
confirm_set_600,00805777,00805777.json,evidence/videocad/samples/dataverse/action_json_unpacked/action_json/00805777.json,56,28,5,9906.0,0,6,6,6,0.264404,high
confirm_set_600,00806225,00806225.json,evidence/videocad/samples/dataverse/action_json_unpacked/action_json/00806225.json,100,50,4,39279.0,32,8,5,5,0.353534,high
confirm_set_600,00810399,00810399.json,evidence/videocad/samples/dataverse/action_json_unpacked/action_json/00810399.json,72,36,6,23653.0,18,5,5,5,0.394512,high
confirm_set_600,00811719,00811719.json,evidence/videocad/samples/dataverse/action_json_unpacked/action_json/00811719.json,96,48,5,22330.0,28,5,5,5,0.396742,high
confirm_set_600,00817428,00817428.json,evidence/videocad/samples/dataverse/action_json_unpacked/action_json/00817428.json,62,31,6,15489.0,6,7,4,4,0.340228,high
confirm_set_600,00823381,00823381.json,evidence/videocad/samples/dataverse/action_json_unpacked/action_json/00823381.json,78,39,4,22385.0,24,5,5,5,0.262786,high
confirm_set_600,00824605,00824605.json,evidence/videocad/samples/dataverse/action_json_unpacked/action_json/00824605.json,58,29,5,15540.0,12,5,5,5,0.26467,high
confirm_set_600,00826981,00826981.json,evidence/videocad/samples/dataverse/action_json_unpacked/action_json/00826981.json,96,48,4,25814.0,27,7,7,7,0.350581,high
confirm_set_600,00827074,00827074.json,evidence/videocad/samples/dataverse/action_json_unpacked/action_json/00827074.json,80,40,4,22051.0,24,6,5,5,0.268976,high
confirm_set_600,00828328,00828328.json,evidence/videocad/samples/dataverse/action_json_unpacked/action_json/00828328.json,112,56,4,22728.0,32,8,8,8,0.41214,high
confirm_set_600,00839649,00839649.json,evidence/videocad/samples/dataverse/action_json_unpacked/action_json/00839649.json,58,29,6,32524.0,14,4,3,3,0.333386,high
confirm_set_600,00839657,00839657.json,evidence/videocad/samples/dataverse/action_json_unpacked/action_json/00839657.json,54,27,5,25511.0,14,3,3,3,0.237543,high
confirm_set_600,00873411,00873411.json,evidence/videocad/samples/dataverse/action_json_unpacked/action_json/00873411.json,60,30,5,17451.0,18,4,3,3,0.248333,high
confirm_set_600,00875311,00875311.json,evidence/videocad/samples/dataverse/action_json_unpacked/action_json/00875311.json,54,27,5,12028.0,12,4,4,4,0.235185,high
confirm_set_600,00878017,00878017.json,evidence/videocad/samples/dataverse/action_json_unpacked/action_json/00878017.json,100,50,4,21641.0,32,6,6,6,0.346598,high
confirm_set_600,00879182,00879182.json,evidence/videocad/samples/dataverse/action_json_unpacked/action_json/00879182.json,82,41,5,30467.0,16,7,7,7,0.384807,high
confirm_set_600,00882819,00882819.json,evidence/videocad/samples/dataverse/action_json_unpacked/action_json/00882819.json,70,35,4,14160.0,20,5,5,5,0.227493,high
confirm_set_600,00882848,00882848.json,evidence/videocad/samples/dataverse/action_json_unpacked/action_json/00882848.json,76,38,5,24334.0,16,6,6,6,0.345877,high
confirm_set_600,00890637,00890637.json,evidence/videocad/samples/dataverse/action_json_unpacked/action_json/00890637.json,96,48,5,27007.0,18,8,8,8,0.439396,high
confirm_set_600,00890914,00890914.json,evidence/videocad/samples/dataverse/action_json_unpacked/action_json/00890914.json,96,48,5,22177.0,25,9,5,5,0.396574,high
confirm_set_600,00898545,00898545.json,evidence/videocad/samples/dataverse/action_json_unpacked/action_json/00898545.json,116,58,4,22516.0,36,8,7,7,0.412521,high
confirm_set_600,00902345,00902345.json,evidence/videocad/samples/dataverse/action_json_unpacked/action_json/00902345.json,86,43,5,27809.0,15,7,7,7,0.394993,high
confirm_set_600,00913783,00913783.json,evidence/videocad/samples/dataverse/action_json_unpacked/action_json/00913783.json,100,50,5,22683.0,0,14,6,6,0.422746,high
confirm_set_600,00916358,00916358.json,evidence/videocad/samples/dataverse/action_json_unpacked/action_json/00916358.json,72,36,4,28107.0,0,9,9,9,0.29942,high
confirm_set_600,00920077,00920077.json,evidence/videocad/samples/dataverse/action_json_unpacked/action_json/00920077.json,58,29,5,8715.0,4,10,3,3,0.232148,high
confirm_set_600,00920830,00920830.json,evidence/videocad/samples/dataverse/action_json_unpacked/action_json/00920830.json,82,41,6,20462.0,22,6,5,5,0.423782,high
confirm_set_600,00922737,00922737.json,evidence/videocad/samples/dataverse/action_json_unpacked/action_json/00922737.json,70,35,4,28452.0,20,5,5,5,0.243243,high
confirm_set_600,00922827,00922827.json,evidence/videocad/samples/dataverse/action_json_unpacked/action_json/00922827.json,80,40,6,18440.0,16,8,4,4,0.402496,high
confirm_set_600,00927046,00927046.json,evidence/videocad/samples/dataverse/action_json_unpacked/action_json/00927046.json,104,52,4,32301.0,34,6,6,6,0.371459,high
confirm_set_600,00931730,00931730.json,evidence/videocad/samples/dataverse/action_json_unpacked/action_json/00931730.json,78,39,4,21309.0,24,5,5,5,0.261601,high
confirm_set_600,00939488,00939488.json,evidence/videocad/samples/dataverse/action_json_unpacked/action_json/00939488.json,68,34,6,14308.0,7,8,4,4,0.358599,high
confirm_set_600,00940012,00940012.json,evidence/videocad/samples/dataverse/action_json_unpacked/action_json/00940012.json,36,18,6,11836.0,3,4,3,3,0.238457,high
confirm_set_600,00943543,00943543.json,evidence/videocad/samples/dataverse/action_json_unpacked/action_json/00943543.json,104,52,5,16882.0,29,9,5,5,0.416968,high
confirm_set_600,00943936,00943936.json,evidence/videocad/samples/dataverse/action_json_unpacked/action_json/00943936.json,46,23,6,12942.0,5,5,2,2,0.259962,high
confirm_set_600,00964185,00964185.json,evidence/videocad/samples/dataverse/action_json_unpacked/action_json/00964185.json,64,32,5,15010.0,13,4,4,4,0.271258,high
confirm_set_600,00965098,00965098.json,evidence/videocad/samples/dataverse/action_json_unpacked/action_json/00965098.json,58,29,5,27613.0,0,8,5,5,0.277974,high
confirm_set_600,00967888,00967888.json,evidence/videocad/samples/dataverse/action_json_unpacked/action_json/00967888.json,68,34,4,14461.0,0,11,6,6,0.233767,high
confirm_set_600,00973422,00973422.json,evidence/videocad/samples/dataverse/action_json_unpacked/action_json/00973422.json,74,37,6,19022.0,10,6,5,5,0.395966,high
confirm_set_600,00977296,00977296.json,evidence/videocad/samples/dataverse/action_json_unpacked/action_json/00977296.json,64,32,5,21940.0,6,6,6,6,0.303894,high
confirm_set_600,00985778,00985778.json,evidence/videocad/samples/dataverse/action_json_unpacked/action_json/00985778.json,64,32,6,17868.0,17,4,4,4,0.349407,high
confirm_set_600,00987862,00987862.json,evidence/videocad/samples/dataverse/action_json_unpacked/action_json/00987862.json,76,38,6,10943.0,18,8,3,3,0.36862,high
confirm_set_600,00990987,00990987.json,evidence/videocad/samples/dataverse/action_json_unpacked/action_json/00990987.json,56,28,6,11328.0,8,6,3,3,0.303471,high
confirm_set_600,00991709,00991709.json,evidence/videocad/samples/dataverse/action_json_unpacked/action_json/00991709.json,92,46,4,16972.0,31,5,5,5,0.302723,high
confirm_set_600,00992300,00992300.json,evidence/videocad/samples/dataverse/action_json_unpacked/action_json/00992300.json,116,58,6,26051.0,6,16,9,9,0.591416,high
