arm,complexity_label,epsilon,n_runs,success_rate,n_fail,n_budget_exhausted,share_budget_exhausted,n_step_abandoned,share_step_abandoned,n_non_empty_stack_at_end,share_non_empty_stack_at_end,n_stack_underflow,share_stack_underflow,n_finish_mismatch,share_finish_mismatch,n_unexpected_stack_underflow,share_unexpected_stack_underflow,n_unexpected_finish_mismatch,share_unexpected_finish_mismatch,n_other
min_rules,high,0.0,4000,1.0,0,0,0.0,0,0.0,0,0.0,0,0.0,0,0.0,0,0.0,0,0.0,0
min_rules,high,0.02,4000,0.82,720,0,0.0,0,0.0,720,1.0,0,0.0,0,0.0,0,0.0,0,0.0,0
min_rules,high,0.04,4000,0.709,1164,0,0.0,0,0.0,1164,1.0,0,0.0,0,0.0,0,0.0,0,0.0,0
min_rules,high,0.06,4000,0.62325,1507,0,0.0,0,0.0,1507,1.0,0,0.0,0,0.0,0,0.0,0,0.0,0
min_rules,high,0.08,4000,0.56225,1751,0,0.0,0,0.0,1751,1.0,0,0.0,0,0.0,0,0.0,0,0.0,0
min_rules,high,0.1,4000,0.515,1940,0,0.0,0,0.0,1940,1.0,0,0.0,0,0.0,0,0.0,0,0.0,0
min_rules,high,0.12,4000,0.48575,2057,0,0.0,0,0.0,2057,1.0,0,0.0,0,0.0,0,0.0,0,0.0,0
min_rules,high,0.14,4000,0.44975,2201,0,0.0,0,0.0,2201,1.0,0,0.0,0,0.0,0,0.0,0,0.0,0
min_rules,high,0.16,4000,0.424,2304,0,0.0,0,0.0,2304,1.0,0,0.0,0,0.0,0,0.0,0,0.0,0
min_rules,high,0.18,4000,0.412,2352,0,0.0,0,0.0,2352,1.0,0,0.0,0,0.0,0,0.0,0,0.0,0
min_rules,high,0.2,4000,0.39375,2425,0,0.0,0,0.0,2425,1.0,0,0.0,0,0.0,0,0.0,0,0.0,0
min_rules,high,0.22,4000,0.3775,2490,0,0.0,0,0.0,2490,1.0,0,0.0,0,0.0,0,0.0,0,0.0,0
min_rules,high,0.24,4000,0.3625,2550,0,0.0,0,0.0,2550,1.0,0,0.0,0,0.0,0,0.0,0,0.0,0
min_rules,high,0.26,4000,0.35325,2587,0,0.0,0,0.0,2587,1.0,0,0.0,0,0.0,0,0.0,0,0.0,0
min_rules,high,0.28,4000,0.34675,2613,0,0.0,0,0.0,2613,1.0,0,0.0,0,0.0,0,0.0,0,0.0,0
min_rules,high,0.3,4000,0.336,2656,0,0.0,0,0.0,2656,1.0,0,0.0,0,0.0,0,0.0,0,0.0,0
min_rules,high,0.32,4000,0.3285,2686,0,0.0,0,0.0,2686,1.0,0,0.0,0,0.0,0,0.0,0,0.0,0
min_rules,high,0.34,4000,0.32275,2709,0,0.0,0,0.0,2709,1.0,0,0.0,0,0.0,0,0.0,0,0.0,0
min_rules,high,0.36,4000,0.308,2768,0,0.0,0,0.0,2768,1.0,0,0.0,0,0.0,0,0.0,0,0.0,0
min_rules,high,0.38,4000,0.30425,2783,0,0.0,0,0.0,2783,1.0,0,0.0,0,0.0,0,0.0,0,0.0,0
min_rules,high,0.4,4000,0.2935,2826,0,0.0,0,0.0,2826,1.0,0,0.0,0,0.0,0,0.0,0,0.0,0
min_rules,high,0.42,4000,0.2865,2854,0,0.0,0,0.0,2854,1.0,0,0.0,0,0.0,0,0.0,0,0.0,0
min_rules,high,0.44,4000,0.277,2892,0,0.0,0,0.0,2892,1.0,0,0.0,0,0.0,0,0.0,0,0.0,0
min_rules,high,0.46,4000,0.27,2920,0,0.0,0,0.0,2920,1.0,0,0.0,0,0.0,0,0.0,0,0.0,0
min_rules,high,0.48,4000,0.26575,2937,0,0.0,0,0.0,2937,1.0,0,0.0,0,0.0,0,0.0,0,0.0,0
min_rules,high,0.5,4000,0.2545,2982,0,0.0,0,0.0,2982,1.0,0,0.0,0,0.0,0,0.0,0,0.0,0
min_rules,low,0.0,4000,1.0,0,0,0.0,0,0.0,0,0.0,0,0.0,0,0.0,0,0.0,0,0.0,0
min_rules,low,0.02,4000,0.93125,275,0,0.0,0,0.0,275,1.0,0,0.0,0,0.0,0,0.0,0,0.0,0
min_rules,low,0.04,4000,0.87,520,0,0.0,0,0.0,520,1.0,0,0.0,0,0.0,0,0.0,0,0.0,0
min_rules,low,0.06,4000,0.82125,715,0,0.0,0,0.0,715,1.0,0,0.0,0,0.0,0,0.0,0,0.0,0
min_rules,low,0.08,4000,0.77325,907,0,0.0,0,0.0,907,1.0,0,0.0,0,0.0,0,0.0,0,0.0,0
min_rules,low,0.1,4000,0.73,1080,0,0.0,0,0.0,1080,1.0,0,0.0,0,0.0,0,0.0,0,0.0,0
min_rules,low,0.12,4000,0.697,1212,0,0.0,0,0.0,1212,1.0,0,0.0,0,0.0,0,0.0,0,0.0,0
min_rules,low,0.14,4000,0.66,1360,0,0.0,0,0.0,1360,1.0,0,0.0,0,0.0,0,0.0,0,0.0,0
min_rules,low,0.16,4000,0.63075,1477,0,0.0,0,0.0,1477,1.0,0,0.0,0,0.0,0,0.0,0,0.0,0
min_rules,low,0.18,4000,0.60975,1561,0,0.0,0,0.0,1561,1.0,0,0.0,0,0.0,0,0.0,0,0.0,0
min_rules,low,0.2,4000,0.5885,1646,0,0.0,0,0.0,1646,1.0,0,0.0,0,0.0,0,0.0,0,0.0,0
min_rules,low,0.22,4000,0.56325,1747,0,0.0,0,0.0,1747,1.0,0,0.0,0,0.0,0,0.0,0,0.0,0
min_rules,low,0.24,4000,0.544,1824,0,0.0,0,0.0,1824,1.0,0,0.0,0,0.0,0,0.0,0,0.0,0
min_rules,low,0.26,4000,0.53025,1879,0,0.0,0,0.0,1879,1.0,0,0.0,0,0.0,0,0.0,0,0.0,0
min_rules,low,0.28,4000,0.51575,1937,0,0.0,0,0.0,1937,1.0,0,0.0,0,0.0,0,0.0,0,0.0,0
min_rules,low,0.3,4000,0.49775,2009,0,0.0,0,0.0,2009,1.0,0,0.0,0,0.0,0,0.0,0,0.0,0
min_rules,low,0.32,4000,0.48425,2063,0,0.0,0,0.0,2063,1.0,0,0.0,0,0.0,0,0.0,0,0.0,0
min_rules,low,0.34,4000,0.47175,2113,0,0.0,0,0.0,2113,1.0,0,0.0,0,0.0,0,0.0,0,0.0,0
min_rules,low,0.36,4000,0.459,2164,0,0.0,0,0.0,2164,1.0,0,0.0,0,0.0,0,0.0,0,0.0,0
min_rules,low,0.38,4000,0.44575,2217,0,0.0,0,0.0,2217,1.0,0,0.0,0,0.0,0,0.0,0,0.0,0
min_rules,low,0.4,4000,0.43675,2253,0,0.0,0,0.0,2253,1.0,0,0.0,0,0.0,0,0.0,0,0.0,0
min_rules,low,0.42,4000,0.4275,2290,0,0.0,0,0.0,2290,1.0,0,0.0,0,0.0,0,0.0,0,0.0,0
min_rules,low,0.44,4000,0.415,2340,0,0.0,0,0.0,2340,1.0,0,0.0,0,0.0,0,0.0,0,0.0,0
min_rules,low,0.46,4000,0.40475,2381,0,0.0,0,0.0,2381,1.0,0,0.0,0,0.0,0,0.0,0,0.0,0
min_rules,low,0.48,4000,0.39475,2421,0,0.0,0,0.0,2421,1.0,0,0.0,0,0.0,0,0.0,0,0.0,0
min_rules,low,0.5,4000,0.38775,2449,0,0.0,0,0.0,2449,1.0,0,0.0,0,0.0,0,0.0,0,0.0,0
min_rules,medium,0.0,4000,1.0,0,0,0.0,0,0.0,0,0.0,0,0.0,0,0.0,0,0.0,0,0.0,0
min_rules,medium,0.02,4000,0.8975,410,0,0.0,0,0.0,410,1.0,0,0.0,0,0.0,0,0.0,0,0.0,0
min_rules,medium,0.04,4000,0.80075,797,0,0.0,0,0.0,797,1.0,0,0.0,0,0.0,0,0.0,0,0.0,0
min_rules,medium,0.06,4000,0.73225,1071,0,0.0,0,0.0,1071,1.0,0,0.0,0,0.0,0,0.0,0,0.0,0
min_rules,medium,0.08,4000,0.6755,1298,0,0.0,0,0.0,1298,1.0,0,0.0,0,0.0,0,0.0,0,0.0,0
min_rules,medium,0.1,4000,0.62975,1481,0,0.0,0,0.0,1481,1.0,0,0.0,0,0.0,0,0.0,0,0.0,0
min_rules,medium,0.12,4000,0.59275,1629,0,0.0,0,0.0,1629,1.0,0,0.0,0,0.0,0,0.0,0,0.0,0
min_rules,medium,0.14,4000,0.562,1752,0,0.0,0,0.0,1752,1.0,0,0.0,0,0.0,0,0.0,0,0.0,0
min_rules,medium,0.16,4000,0.53175,1873,0,0.0,0,0.0,1873,1.0,0,0.0,0,0.0,0,0.0,0,0.0,0
min_rules,medium,0.18,4000,0.518,1928,0,0.0,0,0.0,1928,1.0,0,0.0,0,0.0,0,0.0,0,0.0,0
min_rules,medium,0.2,4000,0.49825,2007,0,0.0,0,0.0,2007,1.0,0,0.0,0,0.0,0,0.0,0,0.0,0
min_rules,medium,0.22,4000,0.47975,2081,0,0.0,0,0.0,2081,1.0,0,0.0,0,0.0,0,0.0,0,0.0,0
min_rules,medium,0.24,4000,0.462,2152,0,0.0,0,0.0,2152,1.0,0,0.0,0,0.0,0,0.0,0,0.0,0
min_rules,medium,0.26,4000,0.44525,2219,0,0.0,0,0.0,2219,1.0,0,0.0,0,0.0,0,0.0,0,0.0,0
min_rules,medium,0.28,4000,0.43125,2275,0,0.0,0,0.0,2275,1.0,0,0.0,0,0.0,0,0.0,0,0.0,0
min_rules,medium,0.3,4000,0.4175,2330,0,0.0,0,0.0,2330,1.0,0,0.0,0,0.0,0,0.0,0,0.0,0
min_rules,medium,0.32,4000,0.40375,2385,0,0.0,0,0.0,2385,1.0,0,0.0,0,0.0,0,0.0,0,0.0,0
min_rules,medium,0.34,4000,0.38925,2443,0,0.0,0,0.0,2443,1.0,0,0.0,0,0.0,0,0.0,0,0.0,0
min_rules,medium,0.36,4000,0.37875,2485,0,0.0,0,0.0,2485,1.0,0,0.0,0,0.0,0,0.0,0,0.0,0
min_rules,medium,0.38,4000,0.36675,2533,0,0.0,0,0.0,2533,1.0,0,0.0,0,0.0,0,0.0,0,0.0,0
min_rules,medium,0.4,4000,0.363,2548,0,0.0,0,0.0,2548,1.0,0,0.0,0,0.0,0,0.0,0,0.0,0
min_rules,medium,0.42,4000,0.352,2592,0,0.0,0,0.0,2592,1.0,0,0.0,0,0.0,0,0.0,0,0.0,0
min_rules,medium,0.44,4000,0.34675,2613,0,0.0,0,0.0,2613,1.0,0,0.0,0,0.0,0,0.0,0,0.0,0
min_rules,medium,0.46,4000,0.34,2640,0,0.0,0,0.0,2640,1.0,0,0.0,0,0.0,0,0.0,0,0.0,0
min_rules,medium,0.48,4000,0.33475,2661,0,0.0,0,0.0,2661,1.0,0,0.0,0,0.0,0,0.0,0,0.0,0
min_rules,medium,0.5,4000,0.32825,2687,0,0.0,0,0.0,2687,1.0,0,0.0,0,0.0,0,0.0,0,0.0,0
no_rules,high,0.0,4000,1.0,0,0,0.0,0,0.0,0,0.0,0,0.0,0,0.0,0,0.0,0,0.0,0
no_rules,high,0.02,4000,0.23925,3043,0,0.0,0,0.0,59,0.0194,126,0.0414,2858,0.9392,0,0.0,0,0.0,0
no_rules,high,0.04,4000,0.06725,3731,0,0.0,0,0.0,36,0.0096,152,0.0407,3543,0.9496,0,0.0,0,0.0,0
no_rules,high,0.06,4000,0.01925,3923,0,0.0,0,0.0,15,0.0038,171,0.0436,3737,0.9526,0,0.0,0,0.0,0
no_rules,high,0.08,4000,0.00575,3977,0,0.0,0,0.0,6,0.0015,182,0.0458,3789,0.9527,0,0.0,0,0.0,0
no_rules,high,0.1,4000,0.002,3992,0,0.0,0,0.0,1,0.0003,191,0.0478,3800,0.9519,0,0.0,0,0.0,0
no_rules,high,0.12,4000,0.00075,3997,0,0.0,0,0.0,0,0.0,189,0.0473,3808,0.9527,0,0.0,0,0.0,0
no_rules,high,0.14,4000,0.00075,3997,0,0.0,0,0.0,0,0.0,215,0.0538,3782,0.9462,0,0.0,0,0.0,0
no_rules,high,0.16,4000,0.0005,3998,0,0.0,0,0.0,0,0.0,236,0.059,3762,0.941,0,0.0,0,0.0,0
no_rules,high,0.18,4000,0.00025,3999,0,0.0,0,0.0,0,0.0,252,0.063,3747,0.937,0,0.0,0,0.0,0
no_rules,high,0.2,4000,0.00025,3999,0,0.0,0,0.0,0,0.0,264,0.066,3735,0.934,0,0.0,0,0.0,0
no_rules,high,0.22,4000,0.00025,3999,0,0.0,0,0.0,0,0.0,282,0.0705,3717,0.9295,0,0.0,0,0.0,0
no_rules,high,0.24,4000,0.0,4000,0,0.0,0,0.0,0,0.0,297,0.0742,3703,0.9257,0,0.0,0,0.0,0
no_rules,high,0.26,4000,0.0,4000,0,0.0,0,0.0,0,0.0,323,0.0808,3677,0.9193,0,0.0,0,0.0,0
no_rules,high,0.28,4000,0.0,4000,0,0.0,0,0.0,0,0.0,343,0.0858,3657,0.9143,0,0.0,0,0.0,0
no_rules,high,0.3,4000,0.0,4000,0,0.0,0,0.0,0,0.0,358,0.0895,3642,0.9105,0,0.0,0,0.0,0
no_rules,high,0.32,4000,0.0,4000,0,0.0,0,0.0,0,0.0,377,0.0943,3623,0.9058,0,0.0,0,0.0,0
no_rules,high,0.34,4000,0.0,4000,0,0.0,0,0.0,0,0.0,396,0.099,3604,0.901,0,0.0,0,0.0,0
no_rules,high,0.36,4000,0.0,4000,0,0.0,0,0.0,0,0.0,428,0.107,3572,0.893,0,0.0,0,0.0,0
no_rules,high,0.38,4000,0.0,4000,0,0.0,0,0.0,0,0.0,452,0.113,3548,0.887,0,0.0,0,0.0,0
no_rules,high,0.4,4000,0.0,4000,0,0.0,0,0.0,0,0.0,475,0.1187,3525,0.8812,0,0.0,0,0.0,0
no_rules,high,0.42,4000,0.0,4000,0,0.0,0,0.0,0,0.0,495,0.1237,3505,0.8762,0,0.0,0,0.0,0
no_rules,high,0.44,4000,0.0,4000,0,0.0,0,0.0,0,0.0,520,0.13,3480,0.87,0,0.0,0,0.0,0
no_rules,high,0.46,4000,0.0,4000,0,0.0,0,0.0,0,0.0,544,0.136,3456,0.864,0,0.0,0,0.0,0
no_rules,high,0.48,4000,0.0,4000,0,0.0,0,0.0,0,0.0,569,0.1422,3431,0.8578,0,0.0,0,0.0,0
no_rules,high,0.5,4000,0.0,4000,0,0.0,0,0.0,0,0.0,601,0.1502,3399,0.8498,0,0.0,0,0.0,0
no_rules,low,0.0,4000,1.0,0,0,0.0,0,0.0,0,0.0,0,0.0,0,0.0,0,0.0,0,0.0,0
no_rules,low,0.02,4000,0.585,1660,0,0.0,0,0.0,67,0.0404,92,0.0554,1501,0.9042,0,0.0,0,0.0,0
no_rules,low,0.04,4000,0.3465,2614,0,0.0,0,0.0,84,0.0321,158,0.0604,2372,0.9074,0,0.0,0,0.0,0
no_rules,low,0.06,4000,0.2135,3146,0,0.0,0,0.0,75,0.0238,192,0.061,2879,0.9151,0,0.0,0,0.0,0
no_rules,low,0.08,4000,0.1355,3458,0,0.0,0,0.0,56,0.0162,215,0.0622,3187,0.9216,0,0.0,0,0.0,0
no_rules,low,0.1,4000,0.0805,3678,0,0.0,0,0.0,46,0.0125,228,0.062,3404,0.9255,0,0.0,0,0.0,0
no_rules,low,0.12,4000,0.04925,3803,0,0.0,0,0.0,35,0.0092,236,0.0621,3532,0.9287,0,0.0,0,0.0,0
no_rules,low,0.14,4000,0.02775,3889,0,0.0,0,0.0,35,0.009,250,0.0643,3604,0.9267,0,0.0,0,0.0,0
no_rules,low,0.16,4000,0.018,3928,0,0.0,0,0.0,23,0.0059,271,0.069,3634,0.9252,0,0.0,0,0.0,0
no_rules,low,0.18,4000,0.0125,3950,0,0.0,0,0.0,11,0.0028,285,0.0722,3654,0.9251,0,0.0,0,0.0,0
no_rules,low,0.2,4000,0.008,3968,0,0.0,0,0.0,6,0.0015,297,0.0748,3665,0.9236,0,0.0,0,0.0,0
no_rules,low,0.22,4000,0.00375,3985,0,0.0,0,0.0,3,0.0008,312,0.0783,3670,0.921,0,0.0,0,0.0,0
no_rules,low,0.24,4000,0.002,3992,0,0.0,0,0.0,3,0.0008,330,0.0827,3659,0.9166,0,0.0,0,0.0,0
no_rules,low,0.26,4000,0.00175,3993,0,0.0,0,0.0,3,0.0008,356,0.0892,3634,0.9101,0,0.0,0,0.0,0
no_rules,low,0.28,4000,0.001,3996,0,0.0,0,0.0,2,0.0005,374,0.0936,3620,0.9059,0,0.0,0,0.0,0
no_rules,low,0.3,4000,0.001,3996,0,0.0,0,0.0,3,0.0008,391,0.0978,3602,0.9014,0,0.0,0,0.0,0
no_rules,low,0.32,4000,0.0005,3998,0,0.0,0,0.0,2,0.0005,414,0.1036,3582,0.8959,0,0.0,0,0.0,0
no_rules,low,0.34,4000,0.0005,3998,0,0.0,0,0.0,2,0.0005,439,0.1098,3557,0.8897,0,0.0,0,0.0,0
no_rules,low,0.36,4000,0.0,4000,0,0.0,0,0.0,2,0.0005,463,0.1158,3535,0.8838,0,0.0,0,0.0,0
no_rules,low,0.38,4000,0.0,4000,0,0.0,0,0.0,1,0.0003,483,0.1207,3516,0.879,0,0.0,0,0.0,0
no_rules,low,0.4,4000,0.0,4000,0,0.0,0,0.0,1,0.0003,516,0.129,3483,0.8708,0,0.0,0,0.0,0
no_rules,low,0.42,4000,0.0,4000,0,0.0,0,0.0,1,0.0003,535,0.1338,3464,0.866,0,0.0,0,0.0,0
no_rules,low,0.44,4000,0.0,4000,0,0.0,0,0.0,1,0.0003,562,0.1405,3437,0.8592,0,0.0,0,0.0,0
no_rules,low,0.46,4000,0.0,4000,0,0.0,0,0.0,1,0.0003,582,0.1455,3417,0.8542,0,0.0,0,0.0,0
no_rules,low,0.48,4000,0.0,4000,0,0.0,0,0.0,0,0.0,604,0.151,3396,0.849,0,0.0,0,0.0,0
no_rules,low,0.5,4000,0.0,4000,0,0.0,0,0.0,0,0.0,624,0.156,3376,0.844,0,0.0,0,0.0,0
no_rules,medium,0.0,4000,1.0,0,0,0.0,0,0.0,0,0.0,0,0.0,0,0.0,0,0.0,0,0.0,0
no_rules,medium,0.02,4000,0.44075,2237,0,0.0,0,0.0,74,0.0331,98,0.0438,2065,0.9231,0,0.0,0,0.0,0
no_rules,medium,0.04,4000,0.207,3172,0,0.0,0,0.0,68,0.0214,124,0.0391,2980,0.9395,0,0.0,0,0.0,0
no_rules,medium,0.06,4000,0.09475,3621,0,0.0,0,0.0,45,0.0124,139,0.0384,3437,0.9492,0,0.0,0,0.0,0
no_rules,medium,0.08,4000,0.04425,3823,0,0.0,0,0.0,34,0.0089,155,0.0405,3634,0.9506,0,0.0,0,0.0,0
no_rules,medium,0.1,4000,0.0215,3914,0,0.0,0,0.0,18,0.0046,165,0.0422,3731,0.9532,0,0.0,0,0.0,0
no_rules,medium,0.12,4000,0.0105,3958,0,0.0,0,0.0,13,0.0033,185,0.0467,3760,0.95,0,0.0,0,0.0,0
no_rules,medium,0.14,4000,0.006,3976,0,0.0,0,0.0,7,0.0018,199,0.0501,3770,0.9482,0,0.0,0,0.0,0
no_rules,medium,0.16,4000,0.003,3988,0,0.0,0,0.0,7,0.0018,204,0.0512,3777,0.9471,0,0.0,0,0.0,0
no_rules,medium,0.18,4000,0.002,3992,0,0.0,0,0.0,2,0.0005,214,0.0536,3776,0.9459,0,0.0,0,0.0,0
no_rules,medium,0.2,4000,0.001,3996,0,0.0,0,0.0,1,0.0003,231,0.0578,3764,0.9419,0,0.0,0,0.0,0
no_rules,medium,0.22,4000,0.00075,3997,0,0.0,0,0.0,0,0.0,249,0.0623,3748,0.9377,0,0.0,0,0.0,0
no_rules,medium,0.24,4000,0.00025,3999,0,0.0,0,0.0,0,0.0,268,0.067,3731,0.933,0,0.0,0,0.0,0
no_rules,medium,0.26,4000,0.0,4000,0,0.0,0,0.0,0,0.0,290,0.0725,3710,0.9275,0,0.0,0,0.0,0
no_rules,medium,0.28,4000,0.0,4000,0,0.0,0,0.0,0,0.0,321,0.0803,3679,0.9197,0,0.0,0,0.0,0
no_rules,medium,0.3,4000,0.0,4000,0,0.0,0,0.0,0,0.0,348,0.087,3652,0.913,0,0.0,0,0.0,0
no_rules,medium,0.32,4000,0.0,4000,0,0.0,0,0.0,0,0.0,384,0.096,3616,0.904,0,0.0,0,0.0,0
no_rules,medium,0.34,4000,0.0,4000,0,0.0,0,0.0,0,0.0,401,0.1003,3599,0.8998,0,0.0,0,0.0,0
no_rules,medium,0.36,4000,0.0,4000,0,0.0,0,0.0,0,0.0,432,0.108,3568,0.892,0,0.0,0,0.0,0
no_rules,medium,0.38,4000,0.0,4000,0,0.0,0,0.0,0,0.0,461,0.1153,3539,0.8848,0,0.0,0,0.0,0
no_rules,medium,0.4,4000,0.0,4000,0,0.0,0,0.0,0,0.0,489,0.1222,3511,0.8778,0,0.0,0,0.0,0
no_rules,medium,0.42,4000,0.0,4000,0,0.0,0,0.0,0,0.0,518,0.1295,3482,0.8705,0,0.0,0,0.0,0
no_rules,medium,0.44,4000,0.0,4000,0,0.0,0,0.0,0,0.0,543,0.1358,3457,0.8642,0,0.0,0,0.0,0
no_rules,medium,0.46,4000,0.0,4000,0,0.0,0,0.0,0,0.0,564,0.141,3436,0.859,0,0.0,0,0.0,0
no_rules,medium,0.48,4000,0.0,4000,0,0.0,0,0.0,0,0.0,584,0.146,3416,0.854,0,0.0,0,0.0,0
no_rules,medium,0.5,4000,0.0,4000,0,0.0,0,0.0,0,0.0,619,0.1547,3381,0.8452,0,0.0,0,0.0,0
retry_oracle,high,0.0,4000,1.0,0,0,0.0,0,0.0,0,0.0,0,0.0,0,0.0,0,0.0,0,0.0,0
retry_oracle,high,0.02,4000,0.30575,2777,0,0.0,248,0.0893,0,0.0,0,0.0,0,0.0,311,0.112,2218,0.7987,0
retry_oracle,high,0.04,4000,0.10975,3561,0,0.0,197,0.0553,0,0.0,0,0.0,0,0.0,369,0.1036,2995,0.8411,0
retry_oracle,high,0.06,4000,0.0315,3874,1,0.0003,120,0.031,0,0.0,0,0.0,0,0.0,397,0.1025,3356,0.8663,0
retry_oracle,high,0.08,4000,0.01125,3955,2,0.0005,62,0.0157,0,0.0,0,0.0,0,0.0,375,0.0948,3516,0.889,0
retry_oracle,high,0.1,4000,0.004,3984,7,0.0018,37,0.0093,0,0.0,0,0.0,0,0.0,353,0.0886,3587,0.9004,0
retry_oracle,high,0.12,4000,0.0015,3994,10,0.0025,18,0.0045,0,0.0,0,0.0,0,0.0,334,0.0836,3632,0.9094,0
retry_oracle,high,0.14,4000,0.001,3996,5,0.0013,12,0.003,0,0.0,0,0.0,0,0.0,338,0.0846,3641,0.9112,0
retry_oracle,high,0.16,4000,0.001,3996,13,0.0033,9,0.0023,0,0.0,0,0.0,0,0.0,332,0.0831,3642,0.9114,0
retry_oracle,high,0.18,4000,0.0005,3998,13,0.0033,5,0.0013,0,0.0,0,0.0,0,0.0,322,0.0805,3658,0.915,0
retry_oracle,high,0.2,4000,0.0005,3998,14,0.0035,3,0.0008,0,0.0,0,0.0,0,0.0,307,0.0768,3674,0.919,0
retry_oracle,high,0.22,4000,0.00025,3999,13,0.0033,1,0.0003,0,0.0,0,0.0,0,0.0,313,0.0783,3672,0.9182,0
retry_oracle,high,0.24,4000,0.0,4000,14,0.0035,2,0.0005,0,0.0,0,0.0,0,0.0,309,0.0772,3675,0.9187,0
retry_oracle,high,0.26,4000,0.0,4000,11,0.0027,0,0.0,0,0.0,0,0.0,0,0.0,324,0.081,3665,0.9163,0
retry_oracle,high,0.28,4000,0.0,4000,9,0.0022,0,0.0,0,0.0,0,0.0,0,0.0,330,0.0825,3661,0.9153,0
retry_oracle,high,0.3,4000,0.0,4000,10,0.0025,0,0.0,0,0.0,0,0.0,0,0.0,322,0.0805,3668,0.917,0
retry_oracle,high,0.32,4000,0.0,4000,9,0.0022,0,0.0,0,0.0,0,0.0,0,0.0,332,0.083,3659,0.9147,0
retry_oracle,high,0.34,4000,0.0,4000,5,0.0013,0,0.0,0,0.0,0,0.0,0,0.0,351,0.0877,3644,0.911,0
retry_oracle,high,0.36,4000,0.0,4000,4,0.001,0,0.0,0,0.0,0,0.0,0,0.0,354,0.0885,3642,0.9105,0
retry_oracle,high,0.38,4000,0.0,4000,6,0.0015,0,0.0,0,0.0,0,0.0,0,0.0,393,0.0983,3601,0.9002,0
retry_oracle,high,0.4,4000,0.0,4000,8,0.002,0,0.0,0,0.0,0,0.0,0,0.0,410,0.1025,3582,0.8955,0
retry_oracle,high,0.42,4000,0.0,4000,13,0.0032,0,0.0,0,0.0,0,0.0,0,0.0,445,0.1113,3542,0.8855,0
retry_oracle,high,0.44,4000,0.0,4000,17,0.0043,0,0.0,0,0.0,0,0.0,0,0.0,497,0.1242,3486,0.8715,0
retry_oracle,high,0.46,4000,0.0,4000,16,0.004,0,0.0,0,0.0,0,0.0,0,0.0,518,0.1295,3466,0.8665,0
retry_oracle,high,0.48,4000,0.0,4000,22,0.0055,0,0.0,0,0.0,0,0.0,0,0.0,555,0.1388,3423,0.8558,0
retry_oracle,high,0.5,4000,0.0,4000,30,0.0075,0,0.0,0,0.0,0,0.0,0,0.0,598,0.1495,3372,0.843,0
retry_oracle,low,0.0,4000,1.0,0,0,0.0,0,0.0,0,0.0,0,0.0,0,0.0,0,0.0,0,0.0,0
retry_oracle,low,0.02,4000,0.64675,1413,1,0.0007,199,0.1408,0,0.0,0,0.0,0,0.0,227,0.1607,986,0.6978,0
retry_oracle,low,0.04,4000,0.4255,2298,4,0.0017,326,0.1419,0,0.0,0,0.0,0,0.0,337,0.1466,1631,0.7097,0
retry_oracle,low,0.06,4000,0.2805,2878,25,0.0087,341,0.1185,0,0.0,0,0.0,0,0.0,391,0.1359,2121,0.737,0
retry_oracle,low,0.08,4000,0.18075,3277,60,0.0183,334,0.1019,0,0.0,0,0.0,0,0.0,422,0.1288,2461,0.751,0
retry_oracle,low,0.1,4000,0.11525,3539,82,0.0232,297,0.0839,0,0.0,0,0.0,0,0.0,437,0.1235,2723,0.7694,0
retry_oracle,low,0.12,4000,0.0745,3702,118,0.0319,237,0.064,0,0.0,0,0.0,0,0.0,448,0.121,2899,0.7831,0
retry_oracle,low,0.14,4000,0.04625,3815,144,0.0377,198,0.0519,0,0.0,0,0.0,0,0.0,461,0.1208,3012,0.7895,0
retry_oracle,low,0.16,4000,0.031,3876,165,0.0426,148,0.0382,0,0.0,0,0.0,0,0.0,454,0.1171,3109,0.8021,0
retry_oracle,low,0.18,4000,0.02075,3917,190,0.0485,113,0.0288,0,0.0,0,0.0,0,0.0,466,0.119,3148,0.8037,0
retry_oracle,low,0.2,4000,0.01375,3945,218,0.0553,78,0.0198,0,0.0,0,0.0,0,0.0,470,0.1191,3179,0.8058,0
retry_oracle,low,0.22,4000,0.0095,3962,238,0.0601,57,0.0144,0,0.0,0,0.0,0,0.0,474,0.1196,3193,0.8059,0
retry_oracle,low,0.24,4000,0.00525,3979,239,0.0601,43,0.0108,0,0.0,0,0.0,0,0.0,470,0.1181,3227,0.811,0
retry_oracle,low,0.26,4000,0.00325,3987,255,0.064,39,0.0098,0,0.0,0,0.0,0,0.0,469,0.1176,3224,0.8086,0
retry_oracle,low,0.28,4000,0.0025,3990,266,0.0667,32,0.008,0,0.0,0,0.0,0,0.0,473,0.1185,3219,0.8068,0
retry_oracle,low,0.3,4000,0.002,3992,272,0.0681,26,0.0065,0,0.0,0,0.0,0,0.0,467,0.117,3227,0.8084,0
retry_oracle,low,0.32,4000,0.001,3996,275,0.0688,24,0.006,0,0.0,0,0.0,0,0.0,487,0.1219,3210,0.8033,0
retry_oracle,low,0.34,4000,0.00075,3997,290,0.0726,21,0.0053,0,0.0,0,0.0,0,0.0,512,0.1281,3174,0.7941,0
retry_oracle,low,0.36,4000,0.00025,3999,315,0.0788,13,0.0033,0,0.0,0,0.0,0,0.0,537,0.1343,3134,0.7837,0
retry_oracle,low,0.38,4000,0.0,4000,338,0.0845,8,0.002,0,0.0,0,0.0,0,0.0,539,0.1348,3115,0.7788,0
retry_oracle,low,0.4,4000,0.0,4000,350,0.0875,4,0.001,0,0.0,0,0.0,0,0.0,545,0.1363,3101,0.7752,0
retry_oracle,low,0.42,4000,0.0,4000,386,0.0965,4,0.001,0,0.0,0,0.0,0,0.0,569,0.1422,3041,0.7602,0
retry_oracle,low,0.44,4000,0.0,4000,406,0.1015,2,0.0005,0,0.0,0,0.0,0,0.0,595,0.1487,2997,0.7492,0
retry_oracle,low,0.46,4000,0.0,4000,423,0.1057,1,0.0003,0,0.0,0,0.0,0,0.0,609,0.1522,2967,0.7418,0
retry_oracle,low,0.48,4000,0.0,4000,447,0.1118,0,0.0,0,0.0,0,0.0,0,0.0,653,0.1633,2900,0.725,0
retry_oracle,low,0.5,4000,0.0,4000,458,0.1145,0,0.0,0,0.0,0,0.0,0,0.0,691,0.1727,2851,0.7127,0
retry_oracle,medium,0.0,4000,1.0,0,0,0.0,0,0.0,0,0.0,0,0.0,0,0.0,0,0.0,0,0.0,0
retry_oracle,medium,0.02,4000,0.51575,1937,1,0.0005,237,0.1224,0,0.0,0,0.0,0,0.0,245,0.1265,1454,0.7506,0
retry_oracle,medium,0.04,4000,0.2725,2910,2,0.0007,319,0.1096,0,0.0,0,0.0,0,0.0,327,0.1124,2262,0.7773,0
retry_oracle,medium,0.06,4000,0.13875,3445,7,0.002,267,0.0775,0,0.0,0,0.0,0,0.0,367,0.1065,2804,0.8139,0
retry_oracle,medium,0.08,4000,0.07125,3715,10,0.0027,234,0.063,0,0.0,0,0.0,0,0.0,382,0.1028,3089,0.8315,0
retry_oracle,medium,0.1,4000,0.04225,3831,19,0.005,188,0.0491,0,0.0,0,0.0,0,0.0,353,0.0921,3271,0.8538,0
retry_oracle,medium,0.12,4000,0.023,3908,48,0.0123,135,0.0345,0,0.0,0,0.0,0,0.0,356,0.0911,3369,0.8621,0
retry_oracle,medium,0.14,4000,0.0135,3946,47,0.0119,105,0.0266,0,0.0,0,0.0,0,0.0,332,0.0841,3462,0.8773,0
retry_oracle,medium,0.16,4000,0.00625,3975,67,0.0169,75,0.0189,0,0.0,0,0.0,0,0.0,331,0.0833,3502,0.881,0
retry_oracle,medium,0.18,4000,0.0035,3986,75,0.0188,41,0.0103,0,0.0,0,0.0,0,0.0,320,0.0803,3550,0.8906,0
retry_oracle,medium,0.2,4000,0.0025,3990,74,0.0185,24,0.006,0,0.0,0,0.0,0,0.0,328,0.0822,3564,0.8932,0
retry_oracle,medium,0.22,4000,0.00175,3993,84,0.021,18,0.0045,0,0.0,0,0.0,0,0.0,331,0.0829,3560,0.8916,0
retry_oracle,medium,0.24,4000,0.0005,3998,91,0.0228,16,0.004,0,0.0,0,0.0,0,0.0,333,0.0833,3558,0.8899,0
retry_oracle,medium,0.26,4000,0.00025,3999,91,0.0228,14,0.0035,0,0.0,0,0.0,0,0.0,331,0.0828,3563,0.891,0
retry_oracle,medium,0.28,4000,0.0,4000,98,0.0245,8,0.002,0,0.0,0,0.0,0,0.0,345,0.0862,3549,0.8872,0
retry_oracle,medium,0.3,4000,0.0,4000,108,0.027,7,0.0018,0,0.0,0,0.0,0,0.0,348,0.087,3537,0.8842,0
retry_oracle,medium,0.32,4000,0.0,4000,102,0.0255,5,0.0013,0,0.0,0,0.0,0,0.0,351,0.0877,3542,0.8855,0
retry_oracle,medium,0.34,4000,0.0,4000,94,0.0235,4,0.001,0,0.0,0,0.0,0,0.0,368,0.092,3534,0.8835,0
retry_oracle,medium,0.36,4000,0.0,4000,110,0.0275,3,0.0008,0,0.0,0,0.0,0,0.0,379,0.0948,3508,0.877,0
retry_oracle,medium,0.38,4000,0.0,4000,132,0.033,1,0.0003,0,0.0,0,0.0,0,0.0,393,0.0983,3474,0.8685,0
retry_oracle,medium,0.4,4000,0.0,4000,143,0.0357,0,0.0,0,0.0,0,0.0,0,0.0,430,0.1075,3427,0.8568,0
retry_oracle,medium,0.42,4000,0.0,4000,165,0.0413,0,0.0,0,0.0,0,0.0,0,0.0,457,0.1143,3378,0.8445,0
retry_oracle,medium,0.44,4000,0.0,4000,185,0.0462,0,0.0,0,0.0,0,0.0,0,0.0,475,0.1187,3340,0.835,0
retry_oracle,medium,0.46,4000,0.0,4000,193,0.0483,0,0.0,0,0.0,0,0.0,0,0.0,508,0.127,3299,0.8247,0
retry_oracle,medium,0.48,4000,0.0,4000,219,0.0548,0,0.0,0,0.0,0,0.0,0,0.0,559,0.1398,3222,0.8055,0
retry_oracle,medium,0.5,4000,0.0,4000,237,0.0592,0,0.0,0,0.0,0,0.0,0,0.0,594,0.1485,3169,0.7923,0
retry_selfreport,high,0.0,4000,1.0,0,0,0.0,0,0.0,0,0.0,0,0.0,0,0.0,0,0.0,0,0.0,0
retry_selfreport,high,0.02,4000,0.27425,2903,111,0.0382,2727,0.9394,65,0.0224,0,0.0,0,0.0,0,0.0,0,0.0,0
retry_selfreport,high,0.04,4000,0.08725,3651,628,0.172,2982,0.8168,41,0.0112,0,0.0,0,0.0,0,0.0,0,0.0,0
retry_selfreport,high,0.06,4000,0.02525,3899,1391,0.3568,2487,0.6379,21,0.0054,0,0.0,0,0.0,0,0.0,0,0.0,0
retry_selfreport,high,0.08,4000,0.009,3964,2272,0.5732,1685,0.4251,7,0.0018,0,0.0,0,0.0,0,0.0,0,0.0,0
retry_selfreport,high,0.1,4000,0.0035,3986,2938,0.7371,1047,0.2627,1,0.0003,0,0.0,0,0.0,0,0.0,0,0.0,0
retry_selfreport,high,0.12,4000,0.00125,3995,3374,0.8446,621,0.1554,0,0.0,0,0.0,0,0.0,0,0.0,0,0.0,0
retry_selfreport,high,0.14,4000,0.00075,3997,3645,0.9119,352,0.0881,0,0.0,0,0.0,0,0.0,0,0.0,0,0.0,0
retry_selfreport,high,0.16,4000,0.00075,3997,3801,0.951,196,0.049,0,0.0,0,0.0,0,0.0,0,0.0,0,0.0,0
retry_selfreport,high,0.18,4000,0.00025,3999,3891,0.973,108,0.027,0,0.0,0,0.0,0,0.0,0,0.0,0,0.0,0
retry_selfreport,high,0.2,4000,0.00025,3999,3941,0.9855,58,0.0145,0,0.0,0,0.0,0,0.0,0,0.0,0,0.0,0
retry_selfreport,high,0.22,4000,0.00025,3999,3976,0.9942,23,0.0058,0,0.0,0,0.0,0,0.0,0,0.0,0,0.0,0
retry_selfreport,high,0.24,4000,0.0,4000,3988,0.997,12,0.003,0,0.0,0,0.0,0,0.0,0,0.0,0,0.0,0
retry_selfreport,high,0.26,4000,0.0,4000,3993,0.9982,7,0.0018,0,0.0,0,0.0,0,0.0,0,0.0,0,0.0,0
retry_selfreport,high,0.28,4000,0.0,4000,3998,0.9995,2,0.0005,0,0.0,0,0.0,0,0.0,0,0.0,0,0.0,0
retry_selfreport,high,0.3,4000,0.0,4000,3999,0.9998,1,0.0003,0,0.0,0,0.0,0,0.0,0,0.0,0,0.0,0
retry_selfreport,high,0.32,4000,0.0,4000,3999,0.9998,1,0.0003,0,0.0,0,0.0,0,0.0,0,0.0,0,0.0,0
retry_selfreport,high,0.34,4000,0.0,4000,4000,1.0,0,0.0,0,0.0,0,0.0,0,0.0,0,0.0,0,0.0,0
retry_selfreport,high,0.36,4000,0.0,4000,4000,1.0,0,0.0,0,0.0,0,0.0,0,0.0,0,0.0,0,0.0,0
retry_selfreport,high,0.38,4000,0.0,4000,4000,1.0,0,0.0,0,0.0,0,0.0,0,0.0,0,0.0,0,0.0,0
retry_selfreport,high,0.4,4000,0.0,4000,4000,1.0,0,0.0,0,0.0,0,0.0,0,0.0,0,0.0,0,0.0,0
retry_selfreport,high,0.42,4000,0.0,4000,4000,1.0,0,0.0,0,0.0,0,0.0,0,0.0,0,0.0,0,0.0,0
retry_selfreport,high,0.44,4000,0.0,4000,4000,1.0,0,0.0,0,0.0,0,0.0,0,0.0,0,0.0,0,0.0,0
retry_selfreport,high,0.46,4000,0.0,4000,4000,1.0,0,0.0,0,0.0,0,0.0,0,0.0,0,0.0,0,0.0,0
retry_selfreport,high,0.48,4000,0.0,4000,4000,1.0,0,0.0,0,0.0,0,0.0,0,0.0,0,0.0,0,0.0,0
retry_selfreport,high,0.5,4000,0.0,4000,4000,1.0,0,0.0,0,0.0,0,0.0,0,0.0,0,0.0,0,0.0,0
retry_selfreport,low,0.0,4000,1.0,0,0,0.0,0,0.0,0,0.0,0,0.0,0,0.0,0,0.0,0,0.0,0
retry_selfreport,low,0.02,4000,0.61475,1541,264,0.1713,1204,0.7813,73,0.0474,0,0.0,0,0.0,0,0.0,0,0.0,0
retry_selfreport,low,0.04,4000,0.385,2460,718,0.2919,1646,0.6691,96,0.039,0,0.0,0,0.0,0,0.0,0,0.0,0
retry_selfreport,low,0.06,4000,0.24475,3021,1275,0.422,1654,0.5475,92,0.0305,0,0.0,0,0.0,0,0.0,0,0.0,0
retry_selfreport,low,0.08,4000,0.157,3372,1721,0.5104,1572,0.4662,79,0.0234,0,0.0,0,0.0,0,0.0,0,0.0,0
retry_selfreport,low,0.1,4000,0.09775,3609,2182,0.6046,1369,0.3793,58,0.0161,0,0.0,0,0.0,0,0.0,0,0.0,0
retry_selfreport,low,0.12,4000,0.059,3764,2584,0.6865,1132,0.3007,48,0.0128,0,0.0,0,0.0,0,0.0,0,0.0,0
retry_selfreport,low,0.14,4000,0.03475,3861,2913,0.7545,899,0.2328,49,0.0127,0,0.0,0,0.0,0,0.0,0,0.0,0
retry_selfreport,low,0.16,4000,0.023,3908,3166,0.8101,709,0.1814,33,0.0084,0,0.0,0,0.0,0,0.0,0,0.0,0
retry_selfreport,low,0.18,4000,0.01675,3933,3355,0.853,556,0.1414,22,0.0056,0,0.0,0,0.0,0,0.0,0,0.0,0
retry_selfreport,low,0.2,4000,0.01,3960,3512,0.8869,435,0.1098,13,0.0033,0,0.0,0,0.0,0,0.0,0,0.0,0
retry_selfreport,low,0.22,4000,0.0055,3978,3626,0.9115,341,0.0857,11,0.0028,0,0.0,0,0.0,0,0.0,0,0.0,0
retry_selfreport,low,0.24,4000,0.00375,3985,3722,0.934,253,0.0635,10,0.0025,0,0.0,0,0.0,0,0.0,0,0.0,0
retry_selfreport,low,0.26,4000,0.00275,3989,3778,0.9471,206,0.0516,5,0.0013,0,0.0,0,0.0,0,0.0,0,0.0,0
retry_selfreport,low,0.28,4000,0.00225,3991,3828,0.9592,161,0.0403,2,0.0005,0,0.0,0,0.0,0,0.0,0,0.0,0
retry_selfreport,low,0.3,4000,0.002,3992,3868,0.9689,121,0.0303,3,0.0008,0,0.0,0,0.0,0,0.0,0,0.0,0
retry_selfreport,low,0.32,4000,0.001,3996,3897,0.9752,96,0.024,3,0.0008,0,0.0,0,0.0,0,0.0,0,0.0,0
retry_selfreport,low,0.34,4000,0.001,3996,3919,0.9807,74,0.0185,3,0.0008,0,0.0,0,0.0,0,0.0,0,0.0,0
retry_selfreport,low,0.36,4000,0.0005,3998,3935,0.9842,60,0.015,3,0.0008,0,0.0,0,0.0,0,0.0,0,0.0,0
retry_selfreport,low,0.38,4000,0.00025,3999,3953,0.9885,44,0.011,2,0.0005,0,0.0,0,0.0,0,0.0,0,0.0,0
retry_selfreport,low,0.4,4000,0.00025,3999,3971,0.993,27,0.0068,1,0.0003,0,0.0,0,0.0,0,0.0,0,0.0,0
retry_selfreport,low,0.42,4000,0.00025,3999,3974,0.9937,24,0.006,1,0.0003,0,0.0,0,0.0,0,0.0,0,0.0,0
retry_selfreport,low,0.44,4000,0.0,4000,3983,0.9958,16,0.004,1,0.0003,0,0.0,0,0.0,0,0.0,0,0.0,0
retry_selfreport,low,0.46,4000,0.0,4000,3982,0.9955,17,0.0043,1,0.0003,0,0.0,0,0.0,0,0.0,0,0.0,0
retry_selfreport,low,0.48,4000,0.0,4000,3987,0.9968,13,0.0032,0,0.0,0,0.0,0,0.0,0,0.0,0,0.0,0
retry_selfreport,low,0.5,4000,0.0,4000,3989,0.9972,11,0.0027,0,0.0,0,0.0,0,0.0,0,0.0,0,0.0,0
retry_selfreport,medium,0.0,4000,1.0,0,0,0.0,0,0.0,0,0.0,0,0.0,0,0.0,0,0.0,0,0.0,0
retry_selfreport,medium,0.02,4000,0.4755,2098,205,0.0977,1816,0.8656,77,0.0367,0,0.0,0,0.0,0,0.0,0,0.0,0
retry_selfreport,medium,0.04,4000,0.23775,3049,670,0.2197,2306,0.7563,73,0.0239,0,0.0,0,0.0,0,0.0,0,0.0,0
retry_selfreport,medium,0.06,4000,0.1165,3534,1398,0.3956,2081,0.5889,55,0.0156,0,0.0,0,0.0,0,0.0,0,0.0,0
retry_selfreport,medium,0.08,4000,0.058,3768,1971,0.5231,1748,0.4639,49,0.013,0,0.0,0,0.0,0,0.0,0,0.0,0
retry_selfreport,medium,0.1,4000,0.03175,3873,2501,0.6458,1338,0.3455,34,0.0088,0,0.0,0,0.0,0,0.0,0,0.0,0
retry_selfreport,medium,0.12,4000,0.01525,3939,2956,0.7504,961,0.244,22,0.0056,0,0.0,0,0.0,0,0.0,0,0.0,0
retry_selfreport,medium,0.14,4000,0.00925,3963,3288,0.8297,665,0.1678,10,0.0025,0,0.0,0,0.0,0,0.0,0,0.0,0
retry_selfreport,medium,0.16,4000,0.00425,3983,3509,0.881,466,0.117,8,0.002,0,0.0,0,0.0,0,0.0,0,0.0,0
retry_selfreport,medium,0.18,4000,0.0025,3990,3663,0.918,325,0.0815,2,0.0005,0,0.0,0,0.0,0,0.0,0,0.0,0
retry_selfreport,medium,0.2,4000,0.0015,3994,3768,0.9434,225,0.0563,1,0.0003,0,0.0,0,0.0,0,0.0,0,0.0,0
retry_selfreport,medium,0.22,4000,0.00125,3995,3836,0.9602,159,0.0398,0,0.0,0,0.0,0,0.0,0,0.0,0,0.0,0
retry_selfreport,medium,0.24,4000,0.00075,3997,3888,0.9727,109,0.0273,0,0.0,0,0.0,0,0.0,0,0.0,0,0.0,0
retry_selfreport,medium,0.26,4000,0.00025,3999,3921,0.9805,78,0.0195,0,0.0,0,0.0,0,0.0,0,0.0,0,0.0,0
retry_selfreport,medium,0.28,4000,0.0,4000,3939,0.9848,61,0.0152,0,0.0,0,0.0,0,0.0,0,0.0,0,0.0,0
retry_selfreport,medium,0.3,4000,0.0,4000,3962,0.9905,38,0.0095,0,0.0,0,0.0,0,0.0,0,0.0,0,0.0,0
retry_selfreport,medium,0.32,4000,0.0,4000,3973,0.9932,27,0.0067,0,0.0,0,0.0,0,0.0,0,0.0,0,0.0,0
retry_selfreport,medium,0.34,4000,0.0,4000,3983,0.9958,17,0.0043,0,0.0,0,0.0,0,0.0,0,0.0,0,0.0,0
retry_selfreport,medium,0.36,4000,0.0,4000,3986,0.9965,14,0.0035,0,0.0,0,0.0,0,0.0,0,0.0,0,0.0,0
retry_selfreport,medium,0.38,4000,0.0,4000,3990,0.9975,10,0.0025,0,0.0,0,0.0,0,0.0,0,0.0,0,0.0,0
retry_selfreport,medium,0.4,4000,0.0,4000,3992,0.998,8,0.002,0,0.0,0,0.0,0,0.0,0,0.0,0,0.0,0
retry_selfreport,medium,0.42,4000,0.0,4000,3993,0.9982,7,0.0018,0,0.0,0,0.0,0,0.0,0,0.0,0,0.0,0
retry_selfreport,medium,0.44,4000,0.0,4000,3997,0.9992,3,0.0008,0,0.0,0,0.0,0,0.0,0,0.0,0,0.0,0
retry_selfreport,medium,0.46,4000,0.0,4000,3999,0.9998,1,0.0003,0,0.0,0,0.0,0,0.0,0,0.0,0,0.0,0
retry_selfreport,medium,0.48,4000,0.0,4000,4000,1.0,0,0.0,0,0.0,0,0.0,0,0.0,0,0.0,0,0.0,0
retry_selfreport,medium,0.5,4000,0.0,4000,3999,0.9998,1,0.0003,0,0.0,0,0.0,0,0.0,0,0.0,0,0.0,0
