swap_prob,r,rho,stratum_set,pair,eps_star_min_rules,eps_star_retry_oracle,eps_star_no_rules,delta_point,censor_min_rules,censor_retry_oracle,censor_no_rules
0.3,0.2,0.0,pooled,min_rules-no_rules,0.08154455445544553,0.17754682779456193,0.017271157167530228,0.064273,ok,ok,ok
0.3,0.2,0.0,low,min_rules-no_rules,0.12417266187050359,0.1920863309352518,0.026865671641791048,0.097307,ok,ok,ok
0.3,0.2,0.0,medium,min_rules-no_rules,0.0867878787878788,0.18058181818181818,0.01779359430604982,0.068994,ok,ok,ok
0.3,0.2,0.0,high,min_rules-no_rules,0.04785310734463277,0.16583458646616542,0.013236267372600925,0.034617,ok,ok,ok
0.5,0.2,0.0,pooled,min_rules-no_rules,0.11521052631578947,0.17754682779456193,0.017256255392579814,0.097954,ok,ok,ok
0.5,0.2,0.0,low,min_rules-no_rules,0.17214285714285713,0.1920863309352518,0.026808059384941674,0.145335,ok,ok,ok
0.5,0.2,0.0,medium,min_rules-no_rules,0.12642335766423357,0.18058181818181818,0.017769880053309643,0.108653,ok,ok,ok
0.5,0.2,0.0,high,min_rules-no_rules,0.06396039603960396,0.16583458646616542,0.013227513227513229,0.050733,ok,ok,ok
0.7,0.2,0.0,pooled,min_rules-no_rules,0.18488888888888894,0.17754682779456193,0.017241379310344827,0.167648,ok,ok,ok
0.7,0.2,0.0,low,min_rules-no_rules,0.31142857142857144,0.1920863309352518,0.02675876726886291,0.28467,ok,ok,ok
0.7,0.2,0.0,medium,min_rules-no_rules,0.19897435897435897,0.18058181818181818,0.01774622892635315,0.181228,ok,ok,ok
0.7,0.2,0.0,high,min_rules-no_rules,0.10281250000000003,0.16583458646616542,0.013227513227513229,0.089585,ok,ok,ok
0.9,0.2,0.0,pooled,min_rules-no_rules,,0.17754682779456193,0.01725129384703853,,right_censored,ok,ok
0.9,0.2,0.0,low,min_rules-no_rules,,0.1920863309352518,0.02680127523910733,,right_censored,ok,ok
0.9,0.2,0.0,medium,min_rules-no_rules,,0.18058181818181818,0.017761989342806397,,right_censored,ok,ok
0.9,0.2,0.0,high,min_rules-no_rules,0.3252631578947369,0.16583458646616542,0.013227513227513229,0.312036,ok,ok,ok
0.95,0.2,0.0,pooled,min_rules-no_rules,,0.17754682779456193,0.017248814144027597,,right_censored,ok,ok
0.95,0.2,0.0,low,min_rules-no_rules,,0.1920863309352518,0.02678723404255319,,right_censored,ok,ok
0.95,0.2,0.0,medium,min_rules-no_rules,,0.18058181818181818,0.017761989342806397,,right_censored,ok,ok
0.95,0.2,0.0,high,min_rules-no_rules,,0.16583458646616542,0.013227513227513229,,right_censored,ok,ok
0.3,0.2,0.5,pooled,min_rules-no_rules,0.08154455445544553,0.05654566744730678,0.017271157167530228,0.064273,ok,ok,ok
0.3,0.2,0.5,low,min_rules-no_rules,0.12417266187050359,0.08505,0.026865671641791048,0.097307,ok,ok,ok
0.3,0.2,0.5,medium,min_rules-no_rules,0.0867878787878788,0.05942857142857143,0.01779359430604982,0.068994,ok,ok,ok
0.3,0.2,0.5,high,min_rules-no_rules,0.04785310734463277,0.036575192096597146,0.013236267372600925,0.034617,ok,ok,ok
0.5,0.2,0.5,pooled,min_rules-no_rules,0.11521052631578947,0.05654566744730678,0.017256255392579814,0.097954,ok,ok,ok
0.5,0.2,0.5,low,min_rules-no_rules,0.17214285714285713,0.08505,0.026808059384941674,0.145335,ok,ok,ok
0.5,0.2,0.5,medium,min_rules-no_rules,0.12642335766423357,0.05942857142857143,0.017769880053309643,0.108653,ok,ok,ok
0.5,0.2,0.5,high,min_rules-no_rules,0.06396039603960396,0.036575192096597146,0.013227513227513229,0.050733,ok,ok,ok
0.7,0.2,0.5,pooled,min_rules-no_rules,0.18488888888888894,0.05654566744730678,0.017241379310344827,0.167648,ok,ok,ok
0.7,0.2,0.5,low,min_rules-no_rules,0.31142857142857144,0.08505,0.02675876726886291,0.28467,ok,ok,ok
0.7,0.2,0.5,medium,min_rules-no_rules,0.19897435897435897,0.05942857142857143,0.01774622892635315,0.181228,ok,ok,ok
0.7,0.2,0.5,high,min_rules-no_rules,0.10281250000000003,0.036575192096597146,0.013227513227513229,0.089585,ok,ok,ok
0.9,0.2,0.5,pooled,min_rules-no_rules,,0.05654566744730678,0.01725129384703853,,right_censored,ok,ok
0.9,0.2,0.5,low,min_rules-no_rules,,0.08505,0.02680127523910733,,right_censored,ok,ok
0.9,0.2,0.5,medium,min_rules-no_rules,,0.05942857142857143,0.017761989342806397,,right_censored,ok,ok
0.9,0.2,0.5,high,min_rules-no_rules,0.3252631578947369,0.036575192096597146,0.013227513227513229,0.312036,ok,ok,ok
0.95,0.2,0.5,pooled,min_rules-no_rules,,0.05654566744730678,0.017248814144027597,,right_censored,ok,ok
0.95,0.2,0.5,low,min_rules-no_rules,,0.08505,0.02678723404255319,,right_censored,ok,ok
0.95,0.2,0.5,medium,min_rules-no_rules,,0.05942857142857143,0.017761989342806397,,right_censored,ok,ok
0.95,0.2,0.5,high,min_rules-no_rules,,0.036575192096597146,0.013227513227513229,,right_censored,ok,ok
0.3,0.2,0.9,pooled,min_rules-no_rules,0.08154455445544553,0.01952807160292921,0.017271157167530228,0.064273,ok,ok,ok
0.3,0.2,0.9,low,min_rules-no_rules,0.12417266187050359,0.0325576289791438,0.026865671641791048,0.097307,ok,ok,ok
0.3,0.2,0.9,medium,min_rules-no_rules,0.0867878787878788,0.020900716479017402,0.01779359430604982,0.068994,ok,ok,ok
0.3,0.2,0.9,high,min_rules-no_rules,0.04785310734463277,0.014487504527345166,0.013236267372600925,0.034617,ok,ok,ok
0.5,0.2,0.9,pooled,min_rules-no_rules,0.11521052631578947,0.01952807160292921,0.017256255392579814,0.097954,ok,ok,ok
0.5,0.2,0.9,low,min_rules-no_rules,0.17214285714285713,0.0325576289791438,0.026808059384941674,0.145335,ok,ok,ok
0.5,0.2,0.9,medium,min_rules-no_rules,0.12642335766423357,0.020900716479017402,0.017769880053309643,0.108653,ok,ok,ok
0.5,0.2,0.9,high,min_rules-no_rules,0.06396039603960396,0.014487504527345166,0.013227513227513229,0.050733,ok,ok,ok
0.7,0.2,0.9,pooled,min_rules-no_rules,0.18488888888888894,0.01952807160292921,0.017241379310344827,0.167648,ok,ok,ok
0.7,0.2,0.9,low,min_rules-no_rules,0.31142857142857144,0.0325576289791438,0.02675876726886291,0.28467,ok,ok,ok
0.7,0.2,0.9,medium,min_rules-no_rules,0.19897435897435897,0.020900716479017402,0.01774622892635315,0.181228,ok,ok,ok
0.7,0.2,0.9,high,min_rules-no_rules,0.10281250000000003,0.014487504527345166,0.013227513227513229,0.089585,ok,ok,ok
0.9,0.2,0.9,pooled,min_rules-no_rules,,0.01952807160292921,0.01725129384703853,,right_censored,ok,ok
0.9,0.2,0.9,low,min_rules-no_rules,,0.0325576289791438,0.02680127523910733,,right_censored,ok,ok
0.9,0.2,0.9,medium,min_rules-no_rules,,0.020900716479017402,0.017761989342806397,,right_censored,ok,ok
0.9,0.2,0.9,high,min_rules-no_rules,0.3252631578947369,0.014487504527345166,0.013227513227513229,0.312036,ok,ok,ok
0.95,0.2,0.9,pooled,min_rules-no_rules,,0.01952807160292921,0.017248814144027597,,right_censored,ok,ok
0.95,0.2,0.9,low,min_rules-no_rules,,0.0325576289791438,0.02678723404255319,,right_censored,ok,ok
0.95,0.2,0.9,medium,min_rules-no_rules,,0.020900716479017402,0.017761989342806397,,right_censored,ok,ok
0.95,0.2,0.9,high,min_rules-no_rules,,0.014487504527345166,0.013227513227513229,,right_censored,ok,ok
0.3,0.5,0.0,pooled,min_rules-no_rules,0.08154455445544553,0.2494683026584867,0.017271157167530228,0.064273,ok,ok,ok
0.3,0.5,0.0,low,min_rules-no_rules,0.12417266187050359,0.28552147239263803,0.026865671641791048,0.097307,ok,ok,ok
0.3,0.5,0.0,medium,min_rules-no_rules,0.0867878787878788,0.2564331210191083,0.01779359430604982,0.068994,ok,ok,ok
0.3,0.5,0.0,high,min_rules-no_rules,0.04785310734463277,0.2129381443298969,0.013236267372600925,0.034617,ok,ok,ok
0.5,0.5,0.0,pooled,min_rules-no_rules,0.11521052631578947,0.2494683026584867,0.017256255392579814,0.097954,ok,ok,ok
0.5,0.5,0.0,low,min_rules-no_rules,0.17214285714285713,0.28552147239263803,0.026808059384941674,0.145335,ok,ok,ok
0.5,0.5,0.0,medium,min_rules-no_rules,0.12642335766423357,0.2564331210191083,0.017769880053309643,0.108653,ok,ok,ok
0.5,0.5,0.0,high,min_rules-no_rules,0.06396039603960396,0.2129381443298969,0.013227513227513229,0.050733,ok,ok,ok
0.7,0.5,0.0,pooled,min_rules-no_rules,0.18488888888888894,0.2494683026584867,0.017241379310344827,0.167648,ok,ok,ok
0.7,0.5,0.0,low,min_rules-no_rules,0.31142857142857144,0.28552147239263803,0.02675876726886291,0.28467,ok,ok,ok
0.7,0.5,0.0,medium,min_rules-no_rules,0.19897435897435897,0.2564331210191083,0.01774622892635315,0.181228,ok,ok,ok
0.7,0.5,0.0,high,min_rules-no_rules,0.10281250000000003,0.2129381443298969,0.013227513227513229,0.089585,ok,ok,ok
0.9,0.5,0.0,pooled,min_rules-no_rules,,0.2494683026584867,0.01725129384703853,,right_censored,ok,ok
0.9,0.5,0.0,low,min_rules-no_rules,,0.28552147239263803,0.02680127523910733,,right_censored,ok,ok
0.9,0.5,0.0,medium,min_rules-no_rules,,0.2564331210191083,0.017761989342806397,,right_censored,ok,ok
0.9,0.5,0.0,high,min_rules-no_rules,0.3252631578947369,0.2129381443298969,0.013227513227513229,0.312036,ok,ok,ok
0.95,0.5,0.0,pooled,min_rules-no_rules,,0.2494683026584867,0.017248814144027597,,right_censored,ok,ok
0.95,0.5,0.0,low,min_rules-no_rules,,0.28552147239263803,0.02678723404255319,,right_censored,ok,ok
0.95,0.5,0.0,medium,min_rules-no_rules,,0.2564331210191083,0.017761989342806397,,right_censored,ok,ok
0.95,0.5,0.0,high,min_rules-no_rules,,0.2129381443298969,0.013227513227513229,,right_censored,ok,ok
0.3,0.5,0.5,pooled,min_rules-no_rules,0.08154455445544553,0.0568583283935981,0.017271157167530228,0.064273,ok,ok,ok
0.3,0.5,0.5,low,min_rules-no_rules,0.12417266187050359,0.08870523415977961,0.026865671641791048,0.097307,ok,ok,ok
0.3,0.5,0.5,medium,min_rules-no_rules,0.0867878787878788,0.05962774957698816,0.01779359430604982,0.068994,ok,ok,ok
0.3,0.5,0.5,high,min_rules-no_rules,0.04785310734463277,0.036575192096597146,0.013236267372600925,0.034617,ok,ok,ok
0.5,0.5,0.5,pooled,min_rules-no_rules,0.11521052631578947,0.0568583283935981,0.017256255392579814,0.097954,ok,ok,ok
0.5,0.5,0.5,low,min_rules-no_rules,0.17214285714285713,0.08870523415977961,0.026808059384941674,0.145335,ok,ok,ok
0.5,0.5,0.5,medium,min_rules-no_rules,0.12642335766423357,0.05962774957698816,0.017769880053309643,0.108653,ok,ok,ok
0.5,0.5,0.5,high,min_rules-no_rules,0.06396039603960396,0.036575192096597146,0.013227513227513229,0.050733,ok,ok,ok
0.7,0.5,0.5,pooled,min_rules-no_rules,0.18488888888888894,0.0568583283935981,0.017241379310344827,0.167648,ok,ok,ok
0.7,0.5,0.5,low,min_rules-no_rules,0.31142857142857144,0.08870523415977961,0.02675876726886291,0.28467,ok,ok,ok
0.7,0.5,0.5,medium,min_rules-no_rules,0.19897435897435897,0.05962774957698816,0.01774622892635315,0.181228,ok,ok,ok
0.7,0.5,0.5,high,min_rules-no_rules,0.10281250000000003,0.036575192096597146,0.013227513227513229,0.089585,ok,ok,ok
0.9,0.5,0.5,pooled,min_rules-no_rules,,0.0568583283935981,0.01725129384703853,,right_censored,ok,ok
0.9,0.5,0.5,low,min_rules-no_rules,,0.08870523415977961,0.02680127523910733,,right_censored,ok,ok
0.9,0.5,0.5,medium,min_rules-no_rules,,0.05962774957698816,0.017761989342806397,,right_censored,ok,ok
0.9,0.5,0.5,high,min_rules-no_rules,0.3252631578947369,0.036575192096597146,0.013227513227513229,0.312036,ok,ok,ok
0.95,0.5,0.5,pooled,min_rules-no_rules,,0.0568583283935981,0.017248814144027597,,right_censored,ok,ok
0.95,0.5,0.5,low,min_rules-no_rules,,0.08870523415977961,0.02678723404255319,,right_censored,ok,ok
0.95,0.5,0.5,medium,min_rules-no_rules,,0.05962774957698816,0.017761989342806397,,right_censored,ok,ok
0.95,0.5,0.5,high,min_rules-no_rules,,0.036575192096597146,0.013227513227513229,,right_censored,ok,ok
0.3,0.5,0.9,pooled,min_rules-no_rules,0.08154455445544553,0.01952807160292921,0.017271157167530228,0.064273,ok,ok,ok
0.3,0.5,0.9,low,min_rules-no_rules,0.12417266187050359,0.0325576289791438,0.026865671641791048,0.097307,ok,ok,ok
0.3,0.5,0.9,medium,min_rules-no_rules,0.0867878787878788,0.020900716479017402,0.01779359430604982,0.068994,ok,ok,ok
0.3,0.5,0.9,high,min_rules-no_rules,0.04785310734463277,0.014487504527345166,0.013236267372600925,0.034617,ok,ok,ok
0.5,0.5,0.9,pooled,min_rules-no_rules,0.11521052631578947,0.01952807160292921,0.017256255392579814,0.097954,ok,ok,ok
0.5,0.5,0.9,low,min_rules-no_rules,0.17214285714285713,0.0325576289791438,0.026808059384941674,0.145335,ok,ok,ok
0.5,0.5,0.9,medium,min_rules-no_rules,0.12642335766423357,0.020900716479017402,0.017769880053309643,0.108653,ok,ok,ok
0.5,0.5,0.9,high,min_rules-no_rules,0.06396039603960396,0.014487504527345166,0.013227513227513229,0.050733,ok,ok,ok
0.7,0.5,0.9,pooled,min_rules-no_rules,0.18488888888888894,0.01952807160292921,0.017241379310344827,0.167648,ok,ok,ok
0.7,0.5,0.9,low,min_rules-no_rules,0.31142857142857144,0.0325576289791438,0.02675876726886291,0.28467,ok,ok,ok
0.7,0.5,0.9,medium,min_rules-no_rules,0.19897435897435897,0.020900716479017402,0.01774622892635315,0.181228,ok,ok,ok
0.7,0.5,0.9,high,min_rules-no_rules,0.10281250000000003,0.014487504527345166,0.013227513227513229,0.089585,ok,ok,ok
0.9,0.5,0.9,pooled,min_rules-no_rules,,0.01952807160292921,0.01725129384703853,,right_censored,ok,ok
0.9,0.5,0.9,low,min_rules-no_rules,,0.0325576289791438,0.02680127523910733,,right_censored,ok,ok
0.9,0.5,0.9,medium,min_rules-no_rules,,0.020900716479017402,0.017761989342806397,,right_censored,ok,ok
0.9,0.5,0.9,high,min_rules-no_rules,0.3252631578947369,0.014487504527345166,0.013227513227513229,0.312036,ok,ok,ok
0.95,0.5,0.9,pooled,min_rules-no_rules,,0.01952807160292921,0.017248814144027597,,right_censored,ok,ok
0.95,0.5,0.9,low,min_rules-no_rules,,0.0325576289791438,0.02678723404255319,,right_censored,ok,ok
0.95,0.5,0.9,medium,min_rules-no_rules,,0.020900716479017402,0.017761989342806397,,right_censored,ok,ok
0.95,0.5,0.9,high,min_rules-no_rules,,0.014487504527345166,0.013227513227513229,,right_censored,ok,ok
