r,rho,stratum_set,family_internal_0.7_point,confirm_0.7_point,diff_family_minus_confirm,confirm_ci,family_ci,abs_diff,flag_gt_0.01,magnitude_reference
0.2,0.0,pooled,0.007342,0.015192,-0.00785,"[0.003774, 0.026018]","[-0.003088, 0.019521]",0.00785,False,k 族先例：rho=0.9 pooled 族内 vs 确认集差 ~0.005
0.2,0.0,low,0.119342,0.102067,0.017275,"[0.083226, 0.125848]","[0.090113, 0.14046]",0.017275,True,k 族先例：rho=0.9 pooled 族内 vs 确认集差 ~0.005
0.2,0.0,medium,0.018393,0.017173,0.00122,"[0.001095, 0.034142]","[-8.3e-05, 0.038189]",0.00122,False,k 族先例：rho=0.9 pooled 族内 vs 确认集差 ~0.005
0.2,0.0,high,-0.063022,-0.055367,-0.007655,"[-0.066731, -0.043577]","[-0.070531, -0.052448]",0.007655,False,k 族先例：rho=0.9 pooled 族内 vs 确认集差 ~0.005
0.2,0.5,pooled,0.128343,0.137449,-0.009106,"[0.126632, 0.148221]","[0.118534, 0.139837]",0.009106,False,k 族先例：rho=0.9 pooled 族内 vs 确认集差 ~0.005
0.2,0.5,low,0.226379,0.212173,0.014206,"[0.194446, 0.235409]","[0.197981, 0.247474]",0.014206,True,k 族先例：rho=0.9 pooled 族内 vs 确认集差 ~0.005
0.2,0.5,medium,0.139546,0.139964,-0.000418,"[0.124005, 0.156284]","[0.121565, 0.158857]",0.000418,False,k 族先例：rho=0.9 pooled 族内 vs 确认集差 ~0.005
0.2,0.5,high,0.066237,0.074504,-0.008267,"[0.063511, 0.086153]","[0.058934, 0.076429]",0.008267,False,k 族先例：rho=0.9 pooled 族内 vs 确认集差 ~0.005
0.2,0.9,pooled,0.165361,0.173832,-0.008471,"[0.162112, 0.184894]","[0.154517, 0.177753]",0.008471,False,k 族先例：rho=0.9 pooled 族内 vs 确认集差 ~0.005
0.2,0.9,low,0.278871,0.264234,0.014637,"[0.246272, 0.288107]","[0.249435, 0.300346]",0.014637,True,k 族先例：rho=0.9 pooled 族内 vs 确认集差 ~0.005
0.2,0.9,medium,0.178074,0.176933,0.001141,"[0.160893, 0.193891]","[0.159205, 0.19762]",0.001141,False,k 族先例：rho=0.9 pooled 族内 vs 确认集差 ~0.005
0.2,0.9,high,0.088325,0.095852,-0.007527,"[0.084107, 0.107553]","[0.080743, 0.099163]",0.007527,False,k 族先例：rho=0.9 pooled 族内 vs 确认集差 ~0.005
0.5,0.0,pooled,-0.064579,-0.056847,-0.007732,"[-0.067211, -0.046865]","[-0.0742, -0.05309]",0.007732,False,k 族先例：rho=0.9 pooled 族内 vs 确认集差 ~0.005
0.5,0.0,low,0.025907,0.008205,0.017702,"[-0.010249, 0.031917]","[-0.002184, 0.047291]",0.017702,True,k 族先例：rho=0.9 pooled 族内 vs 确认集差 ~0.005
0.5,0.0,medium,-0.057459,-0.058954,0.001495,"[-0.074745, -0.042131]","[-0.075664, -0.038526]",0.001495,False,k 族先例：rho=0.9 pooled 族内 vs 确认集差 ~0.005
0.5,0.0,high,-0.110126,-0.101552,-0.008574,"[-0.11266, -0.089966]","[-0.11819, -0.099659]",0.008574,False,k 族先例：rho=0.9 pooled 族内 vs 确认集差 ~0.005
0.5,0.5,pooled,0.128031,0.137005,-0.008974,"[0.126208, 0.147755]","[0.117963, 0.139572]",0.008974,False,k 族先例：rho=0.9 pooled 族内 vs 确认集差 ~0.005
0.5,0.5,low,0.222723,0.20855,0.014173,"[0.190957, 0.231697]","[0.193776, 0.244045]",0.014173,True,k 族先例：rho=0.9 pooled 族内 vs 确认集差 ~0.005
0.5,0.5,medium,0.139347,0.13974,-0.000393,"[0.123812, 0.156036]","[0.120818, 0.158924]",0.000393,False,k 族先例：rho=0.9 pooled 族内 vs 确认集差 ~0.005
0.5,0.5,high,0.066237,0.074487,-0.00825,"[0.063501, 0.086139]","[0.058963, 0.076756]",0.00825,False,k 族先例：rho=0.9 pooled 族内 vs 确认集差 ~0.005
0.5,0.9,pooled,0.165361,0.173832,-0.008471,"[0.162112, 0.184894]","[0.154703, 0.177775]",0.008471,False,k 族先例：rho=0.9 pooled 族内 vs 确认集差 ~0.005
0.5,0.9,low,0.278871,0.264234,0.014637,"[0.246272, 0.288107]","[0.25013, 0.300487]",0.014637,True,k 族先例：rho=0.9 pooled 族内 vs 确认集差 ~0.005
0.5,0.9,medium,0.178074,0.176933,0.001141,"[0.160893, 0.193891]","[0.159362, 0.198163]",0.001141,False,k 族先例：rho=0.9 pooled 族内 vs 确认集差 ~0.005
0.5,0.9,high,0.088325,0.095852,-0.007527,"[0.084107, 0.107553]","[0.080775, 0.099025]",0.007527,False,k 族先例：rho=0.9 pooled 族内 vs 确认集差 ~0.005
