swap_prob,r,rho,arm,stratum_set,epsilon_star,censor_flag
0.3,0.2,0.0,min_rules,high,0.047853,ok
0.3,0.2,0.0,min_rules,low,0.124173,ok
0.3,0.2,0.0,min_rules,medium,0.086788,ok
0.3,0.2,0.0,no_rules,high,0.013236,ok
0.3,0.2,0.0,no_rules,low,0.026866,ok
0.3,0.2,0.0,no_rules,medium,0.017794,ok
0.3,0.2,0.0,retry_oracle,high,0.165835,ok
0.3,0.2,0.0,retry_oracle,low,0.192086,ok
0.3,0.2,0.0,retry_oracle,medium,0.180582,ok
0.3,0.2,0.0,retry_selfreport,high,0.019324,ok
0.3,0.2,0.0,retry_selfreport,low,0.052236,ok
0.3,0.2,0.0,retry_selfreport,medium,0.034713,ok
0.5,0.2,0.0,min_rules,high,0.06396,ok
0.5,0.2,0.0,min_rules,low,0.172143,ok
0.5,0.2,0.0,min_rules,medium,0.126423,ok
0.5,0.2,0.0,no_rules,high,0.013228,ok
0.5,0.2,0.0,no_rules,low,0.026808,ok
0.5,0.2,0.0,no_rules,medium,0.01777,ok
0.5,0.2,0.0,retry_oracle,high,0.165835,ok
0.5,0.2,0.0,retry_oracle,low,0.192086,ok
0.5,0.2,0.0,retry_oracle,medium,0.180582,ok
0.5,0.2,0.0,retry_selfreport,high,0.019231,ok
0.5,0.2,0.0,retry_selfreport,low,0.051149,ok
0.5,0.2,0.0,retry_selfreport,medium,0.034189,ok
0.7,0.2,0.0,min_rules,high,0.102812,ok
0.7,0.2,0.0,min_rules,low,0.311429,ok
0.7,0.2,0.0,min_rules,medium,0.198974,ok
0.7,0.2,0.0,no_rules,high,0.013228,ok
0.7,0.2,0.0,no_rules,low,0.026759,ok
0.7,0.2,0.0,no_rules,medium,0.017746,ok
0.7,0.2,0.0,retry_oracle,high,0.165835,ok
0.7,0.2,0.0,retry_oracle,low,0.192086,ok
0.7,0.2,0.0,retry_oracle,medium,0.180582,ok
0.7,0.2,0.0,retry_selfreport,high,0.019259,ok
0.7,0.2,0.0,retry_selfreport,low,0.051429,ok
0.7,0.2,0.0,retry_selfreport,medium,0.034539,ok
0.9,0.2,0.0,min_rules,high,0.325263,ok
0.9,0.2,0.0,min_rules,low,,right_censored
0.9,0.2,0.0,min_rules,medium,,right_censored
0.9,0.2,0.0,no_rules,high,0.013228,ok
0.9,0.2,0.0,no_rules,low,0.026801,ok
0.9,0.2,0.0,no_rules,medium,0.017762,ok
0.9,0.2,0.0,retry_oracle,high,0.165835,ok
0.9,0.2,0.0,retry_oracle,low,0.192086,ok
0.9,0.2,0.0,retry_oracle,medium,0.180582,ok
0.9,0.2,0.0,retry_selfreport,high,0.019212,ok
0.9,0.2,0.0,retry_selfreport,low,0.05205,ok
0.9,0.2,0.0,retry_selfreport,medium,0.035395,ok
0.95,0.2,0.0,min_rules,high,,right_censored
0.95,0.2,0.0,min_rules,low,,right_censored
0.95,0.2,0.0,min_rules,medium,,right_censored
0.95,0.2,0.0,no_rules,high,0.013228,ok
0.95,0.2,0.0,no_rules,low,0.026787,ok
0.95,0.2,0.0,no_rules,medium,0.017762,ok
0.95,0.2,0.0,retry_oracle,high,0.165835,ok
0.95,0.2,0.0,retry_oracle,low,0.192086,ok
0.95,0.2,0.0,retry_oracle,medium,0.180582,ok
0.95,0.2,0.0,retry_selfreport,high,0.019268,ok
0.95,0.2,0.0,retry_selfreport,low,0.05181,ok
0.95,0.2,0.0,retry_selfreport,medium,0.035631,ok
0.3,0.2,0.5,min_rules,high,0.047853,ok
0.3,0.2,0.5,min_rules,low,0.124173,ok
0.3,0.2,0.5,min_rules,medium,0.086788,ok
0.3,0.2,0.5,no_rules,high,0.013236,ok
0.3,0.2,0.5,no_rules,low,0.026866,ok
0.3,0.2,0.5,no_rules,medium,0.017794,ok
0.3,0.2,0.5,retry_oracle,high,0.036575,ok
0.3,0.2,0.5,retry_oracle,low,0.08505,ok
0.3,0.2,0.5,retry_oracle,medium,0.059429,ok
0.3,0.2,0.5,retry_selfreport,high,0.016942,ok
0.3,0.2,0.5,retry_selfreport,low,0.041224,ok
0.3,0.2,0.5,retry_selfreport,medium,0.028349,ok
0.5,0.2,0.5,min_rules,high,0.06396,ok
0.5,0.2,0.5,min_rules,low,0.172143,ok
0.5,0.2,0.5,min_rules,medium,0.126423,ok
0.5,0.2,0.5,no_rules,high,0.013228,ok
0.5,0.2,0.5,no_rules,low,0.026808,ok
0.5,0.2,0.5,no_rules,medium,0.01777,ok
0.5,0.2,0.5,retry_oracle,high,0.036575,ok
0.5,0.2,0.5,retry_oracle,low,0.08505,ok
0.5,0.2,0.5,retry_oracle,medium,0.059429,ok
0.5,0.2,0.5,retry_selfreport,high,0.016899,ok
0.5,0.2,0.5,retry_selfreport,low,0.040555,ok
0.5,0.2,0.5,retry_selfreport,medium,0.0283,ok
0.7,0.2,0.5,min_rules,high,0.102812,ok
0.7,0.2,0.5,min_rules,low,0.311429,ok
0.7,0.2,0.5,min_rules,medium,0.198974,ok
0.7,0.2,0.5,no_rules,high,0.013228,ok
0.7,0.2,0.5,no_rules,low,0.026759,ok
0.7,0.2,0.5,no_rules,medium,0.017746,ok
0.7,0.2,0.5,retry_oracle,high,0.036575,ok
0.7,0.2,0.5,retry_oracle,low,0.08505,ok
0.7,0.2,0.5,retry_oracle,medium,0.059429,ok
0.7,0.2,0.5,retry_selfreport,high,0.016856,ok
0.7,0.2,0.5,retry_selfreport,low,0.0401,ok
0.7,0.2,0.5,retry_selfreport,medium,0.028466,ok
0.9,0.2,0.5,min_rules,high,0.325263,ok
0.9,0.2,0.5,min_rules,low,,right_censored
0.9,0.2,0.5,min_rules,medium,,right_censored
0.9,0.2,0.5,no_rules,high,0.013228,ok
0.9,0.2,0.5,no_rules,low,0.026801,ok
0.9,0.2,0.5,no_rules,medium,0.017762,ok
0.9,0.2,0.5,retry_oracle,high,0.036575,ok
0.9,0.2,0.5,retry_oracle,low,0.08505,ok
0.9,0.2,0.5,retry_oracle,medium,0.059429,ok
0.9,0.2,0.5,retry_selfreport,high,0.016639,ok
0.9,0.2,0.5,retry_selfreport,low,0.040371,ok
0.9,0.2,0.5,retry_selfreport,medium,0.028628,ok
0.95,0.2,0.5,min_rules,high,,right_censored
0.95,0.2,0.5,min_rules,low,,right_censored
0.95,0.2,0.5,min_rules,medium,,right_censored
0.95,0.2,0.5,no_rules,high,0.013228,ok
0.95,0.2,0.5,no_rules,low,0.026787,ok
0.95,0.2,0.5,no_rules,medium,0.017762,ok
0.95,0.2,0.5,retry_oracle,high,0.036575,ok
0.95,0.2,0.5,retry_oracle,low,0.08505,ok
0.95,0.2,0.5,retry_oracle,medium,0.059429,ok
0.95,0.2,0.5,retry_selfreport,high,0.016611,ok
0.95,0.2,0.5,retry_selfreport,low,0.039928,ok
0.95,0.2,0.5,retry_selfreport,medium,0.028607,ok
0.3,0.2,0.9,min_rules,high,0.047853,ok
0.3,0.2,0.9,min_rules,low,0.124173,ok
0.3,0.2,0.9,min_rules,medium,0.086788,ok
0.3,0.2,0.9,no_rules,high,0.013236,ok
0.3,0.2,0.9,no_rules,low,0.026866,ok
0.3,0.2,0.9,no_rules,medium,0.017794,ok
0.3,0.2,0.9,retry_oracle,high,0.014488,ok
0.3,0.2,0.9,retry_oracle,low,0.032558,ok
0.3,0.2,0.9,retry_oracle,medium,0.020901,ok
0.3,0.2,0.9,retry_selfreport,high,0.013855,ok
0.3,0.2,0.9,retry_selfreport,low,0.02961,ok
0.3,0.2,0.9,retry_selfreport,medium,0.019011,ok
0.5,0.2,0.9,min_rules,high,0.06396,ok
0.5,0.2,0.9,min_rules,low,0.172143,ok
0.5,0.2,0.9,min_rules,medium,0.126423,ok
0.5,0.2,0.9,no_rules,high,0.013228,ok
0.5,0.2,0.9,no_rules,low,0.026808,ok
0.5,0.2,0.9,no_rules,medium,0.01777,ok
0.5,0.2,0.9,retry_oracle,high,0.014488,ok
0.5,0.2,0.9,retry_oracle,low,0.032558,ok
0.5,0.2,0.9,retry_oracle,medium,0.020901,ok
0.5,0.2,0.9,retry_selfreport,high,0.013798,ok
0.5,0.2,0.9,retry_selfreport,low,0.029485,ok
0.5,0.2,0.9,retry_selfreport,medium,0.01902,ok
0.7,0.2,0.9,min_rules,high,0.102812,ok
0.7,0.2,0.9,min_rules,low,0.311429,ok
0.7,0.2,0.9,min_rules,medium,0.198974,ok
0.7,0.2,0.9,no_rules,high,0.013228,ok
0.7,0.2,0.9,no_rules,low,0.026759,ok
0.7,0.2,0.9,no_rules,medium,0.017746,ok
0.7,0.2,0.9,retry_oracle,high,0.014488,ok
0.7,0.2,0.9,retry_oracle,low,0.032558,ok
0.7,0.2,0.9,retry_oracle,medium,0.020901,ok
0.7,0.2,0.9,retry_selfreport,high,0.013765,ok
0.7,0.2,0.9,retry_selfreport,low,0.029239,ok
0.7,0.2,0.9,retry_selfreport,medium,0.019084,ok
0.9,0.2,0.9,min_rules,high,0.325263,ok
0.9,0.2,0.9,min_rules,low,,right_censored
0.9,0.2,0.9,min_rules,medium,,right_censored
0.9,0.2,0.9,no_rules,high,0.013228,ok
0.9,0.2,0.9,no_rules,low,0.026801,ok
0.9,0.2,0.9,no_rules,medium,0.017762,ok
0.9,0.2,0.9,retry_oracle,high,0.014488,ok
0.9,0.2,0.9,retry_oracle,low,0.032558,ok
0.9,0.2,0.9,retry_oracle,medium,0.020901,ok
0.9,0.2,0.9,retry_selfreport,high,0.013736,ok
0.9,0.2,0.9,retry_selfreport,low,0.029231,ok
0.9,0.2,0.9,retry_selfreport,medium,0.01902,ok
0.95,0.2,0.9,min_rules,high,,right_censored
0.95,0.2,0.9,min_rules,low,,right_censored
0.95,0.2,0.9,min_rules,medium,,right_censored
0.95,0.2,0.9,no_rules,high,0.013228,ok
0.95,0.2,0.9,no_rules,low,0.026787,ok
0.95,0.2,0.9,no_rules,medium,0.017762,ok
0.95,0.2,0.9,retry_oracle,high,0.014488,ok
0.95,0.2,0.9,retry_oracle,low,0.032558,ok
0.95,0.2,0.9,retry_oracle,medium,0.020901,ok
0.95,0.2,0.9,retry_selfreport,high,0.01376,ok
0.95,0.2,0.9,retry_selfreport,low,0.0292,ok
0.95,0.2,0.9,retry_selfreport,medium,0.018993,ok
0.3,0.5,0.0,min_rules,high,0.047853,ok
0.3,0.5,0.0,min_rules,low,0.124173,ok
0.3,0.5,0.0,min_rules,medium,0.086788,ok
0.3,0.5,0.0,no_rules,high,0.013236,ok
0.3,0.5,0.0,no_rules,low,0.026866,ok
0.3,0.5,0.0,no_rules,medium,0.017794,ok
0.3,0.5,0.0,retry_oracle,high,0.212938,ok
0.3,0.5,0.0,retry_oracle,low,0.285521,ok
0.3,0.5,0.0,retry_oracle,medium,0.256433,ok
0.3,0.5,0.0,retry_selfreport,high,0.019324,ok
0.3,0.5,0.0,retry_selfreport,low,0.052258,ok
0.3,0.5,0.0,retry_selfreport,medium,0.034713,ok
0.5,0.5,0.0,min_rules,high,0.06396,ok
0.5,0.5,0.0,min_rules,low,0.172143,ok
0.5,0.5,0.0,min_rules,medium,0.126423,ok
0.5,0.5,0.0,no_rules,high,0.013228,ok
0.5,0.5,0.0,no_rules,low,0.026808,ok
0.5,0.5,0.0,no_rules,medium,0.01777,ok
0.5,0.5,0.0,retry_oracle,high,0.212938,ok
0.5,0.5,0.0,retry_oracle,low,0.285521,ok
0.5,0.5,0.0,retry_oracle,medium,0.256433,ok
0.5,0.5,0.0,retry_selfreport,high,0.019231,ok
0.5,0.5,0.0,retry_selfreport,low,0.051182,ok
0.5,0.5,0.0,retry_selfreport,medium,0.034189,ok
0.7,0.5,0.0,min_rules,high,0.102812,ok
0.7,0.5,0.0,min_rules,low,0.311429,ok
0.7,0.5,0.0,min_rules,medium,0.198974,ok
0.7,0.5,0.0,no_rules,high,0.013228,ok
0.7,0.5,0.0,no_rules,low,0.026759,ok
0.7,0.5,0.0,no_rules,medium,0.017746,ok
0.7,0.5,0.0,retry_oracle,high,0.212938,ok
0.7,0.5,0.0,retry_oracle,low,0.285521,ok
0.7,0.5,0.0,retry_oracle,medium,0.256433,ok
0.7,0.5,0.0,retry_selfreport,high,0.019259,ok
0.7,0.5,0.0,retry_selfreport,low,0.051429,ok
0.7,0.5,0.0,retry_selfreport,medium,0.034539,ok
0.9,0.5,0.0,min_rules,high,0.325263,ok
0.9,0.5,0.0,min_rules,low,,right_censored
0.9,0.5,0.0,min_rules,medium,,right_censored
0.9,0.5,0.0,no_rules,high,0.013228,ok
0.9,0.5,0.0,no_rules,low,0.026801,ok
0.9,0.5,0.0,no_rules,medium,0.017762,ok
0.9,0.5,0.0,retry_oracle,high,0.212938,ok
0.9,0.5,0.0,retry_oracle,low,0.285521,ok
0.9,0.5,0.0,retry_oracle,medium,0.256433,ok
0.9,0.5,0.0,retry_selfreport,high,0.019212,ok
0.9,0.5,0.0,retry_selfreport,low,0.05205,ok
0.9,0.5,0.0,retry_selfreport,medium,0.035395,ok
0.95,0.5,0.0,min_rules,high,,right_censored
0.95,0.5,0.0,min_rules,low,,right_censored
0.95,0.5,0.0,min_rules,medium,,right_censored
0.95,0.5,0.0,no_rules,high,0.013228,ok
0.95,0.5,0.0,no_rules,low,0.026787,ok
0.95,0.5,0.0,no_rules,medium,0.017762,ok
0.95,0.5,0.0,retry_oracle,high,0.212938,ok
0.95,0.5,0.0,retry_oracle,low,0.285521,ok
0.95,0.5,0.0,retry_oracle,medium,0.256433,ok
0.95,0.5,0.0,retry_selfreport,high,0.019268,ok
0.95,0.5,0.0,retry_selfreport,low,0.05181,ok
0.95,0.5,0.0,retry_selfreport,medium,0.035631,ok
0.3,0.5,0.5,min_rules,high,0.047853,ok
0.3,0.5,0.5,min_rules,low,0.124173,ok
0.3,0.5,0.5,min_rules,medium,0.086788,ok
0.3,0.5,0.5,no_rules,high,0.013236,ok
0.3,0.5,0.5,no_rules,low,0.026866,ok
0.3,0.5,0.5,no_rules,medium,0.017794,ok
0.3,0.5,0.5,retry_oracle,high,0.036575,ok
0.3,0.5,0.5,retry_oracle,low,0.088705,ok
0.3,0.5,0.5,retry_oracle,medium,0.059628,ok
0.3,0.5,0.5,retry_selfreport,high,0.016942,ok
0.3,0.5,0.5,retry_selfreport,low,0.041261,ok
0.3,0.5,0.5,retry_selfreport,medium,0.028349,ok
0.5,0.5,0.5,min_rules,high,0.06396,ok
0.5,0.5,0.5,min_rules,low,0.172143,ok
0.5,0.5,0.5,min_rules,medium,0.126423,ok
0.5,0.5,0.5,no_rules,high,0.013228,ok
0.5,0.5,0.5,no_rules,low,0.026808,ok
0.5,0.5,0.5,no_rules,medium,0.01777,ok
0.5,0.5,0.5,retry_oracle,high,0.036575,ok
0.5,0.5,0.5,retry_oracle,low,0.088705,ok
0.5,0.5,0.5,retry_oracle,medium,0.059628,ok
0.5,0.5,0.5,retry_selfreport,high,0.016899,ok
0.5,0.5,0.5,retry_selfreport,low,0.040556,ok
0.5,0.5,0.5,retry_selfreport,medium,0.0283,ok
0.7,0.5,0.5,min_rules,high,0.102812,ok
0.7,0.5,0.5,min_rules,low,0.311429,ok
0.7,0.5,0.5,min_rules,medium,0.198974,ok
0.7,0.5,0.5,no_rules,high,0.013228,ok
0.7,0.5,0.5,no_rules,low,0.026759,ok
0.7,0.5,0.5,no_rules,medium,0.017746,ok
0.7,0.5,0.5,retry_oracle,high,0.036575,ok
0.7,0.5,0.5,retry_oracle,low,0.088705,ok
0.7,0.5,0.5,retry_oracle,medium,0.059628,ok
0.7,0.5,0.5,retry_selfreport,high,0.016856,ok
0.7,0.5,0.5,retry_selfreport,low,0.0401,ok
0.7,0.5,0.5,retry_selfreport,medium,0.028466,ok
0.9,0.5,0.5,min_rules,high,0.325263,ok
0.9,0.5,0.5,min_rules,low,,right_censored
0.9,0.5,0.5,min_rules,medium,,right_censored
0.9,0.5,0.5,no_rules,high,0.013228,ok
0.9,0.5,0.5,no_rules,low,0.026801,ok
0.9,0.5,0.5,no_rules,medium,0.017762,ok
0.9,0.5,0.5,retry_oracle,high,0.036575,ok
0.9,0.5,0.5,retry_oracle,low,0.088705,ok
0.9,0.5,0.5,retry_oracle,medium,0.059628,ok
0.9,0.5,0.5,retry_selfreport,high,0.016639,ok
0.9,0.5,0.5,retry_selfreport,low,0.040372,ok
0.9,0.5,0.5,retry_selfreport,medium,0.028628,ok
0.95,0.5,0.5,min_rules,high,,right_censored
0.95,0.5,0.5,min_rules,low,,right_censored
0.95,0.5,0.5,min_rules,medium,,right_censored
0.95,0.5,0.5,no_rules,high,0.013228,ok
0.95,0.5,0.5,no_rules,low,0.026787,ok
0.95,0.5,0.5,no_rules,medium,0.017762,ok
0.95,0.5,0.5,retry_oracle,high,0.036575,ok
0.95,0.5,0.5,retry_oracle,low,0.088705,ok
0.95,0.5,0.5,retry_oracle,medium,0.059628,ok
0.95,0.5,0.5,retry_selfreport,high,0.016611,ok
0.95,0.5,0.5,retry_selfreport,low,0.039928,ok
0.95,0.5,0.5,retry_selfreport,medium,0.028607,ok
0.3,0.5,0.9,min_rules,high,0.047853,ok
0.3,0.5,0.9,min_rules,low,0.124173,ok
0.3,0.5,0.9,min_rules,medium,0.086788,ok
0.3,0.5,0.9,no_rules,high,0.013236,ok
0.3,0.5,0.9,no_rules,low,0.026866,ok
0.3,0.5,0.9,no_rules,medium,0.017794,ok
0.3,0.5,0.9,retry_oracle,high,0.014488,ok
0.3,0.5,0.9,retry_oracle,low,0.032558,ok
0.3,0.5,0.9,retry_oracle,medium,0.020901,ok
0.3,0.5,0.9,retry_selfreport,high,0.013855,ok
0.3,0.5,0.9,retry_selfreport,low,0.02961,ok
0.3,0.5,0.9,retry_selfreport,medium,0.019011,ok
0.5,0.5,0.9,min_rules,high,0.06396,ok
0.5,0.5,0.9,min_rules,low,0.172143,ok
0.5,0.5,0.9,min_rules,medium,0.126423,ok
0.5,0.5,0.9,no_rules,high,0.013228,ok
0.5,0.5,0.9,no_rules,low,0.026808,ok
0.5,0.5,0.9,no_rules,medium,0.01777,ok
0.5,0.5,0.9,retry_oracle,high,0.014488,ok
0.5,0.5,0.9,retry_oracle,low,0.032558,ok
0.5,0.5,0.9,retry_oracle,medium,0.020901,ok
0.5,0.5,0.9,retry_selfreport,high,0.013798,ok
0.5,0.5,0.9,retry_selfreport,low,0.029485,ok
0.5,0.5,0.9,retry_selfreport,medium,0.01902,ok
0.7,0.5,0.9,min_rules,high,0.102812,ok
0.7,0.5,0.9,min_rules,low,0.311429,ok
0.7,0.5,0.9,min_rules,medium,0.198974,ok
0.7,0.5,0.9,no_rules,high,0.013228,ok
0.7,0.5,0.9,no_rules,low,0.026759,ok
0.7,0.5,0.9,no_rules,medium,0.017746,ok
0.7,0.5,0.9,retry_oracle,high,0.014488,ok
0.7,0.5,0.9,retry_oracle,low,0.032558,ok
0.7,0.5,0.9,retry_oracle,medium,0.020901,ok
0.7,0.5,0.9,retry_selfreport,high,0.013765,ok
0.7,0.5,0.9,retry_selfreport,low,0.029239,ok
0.7,0.5,0.9,retry_selfreport,medium,0.019084,ok
0.9,0.5,0.9,min_rules,high,0.325263,ok
0.9,0.5,0.9,min_rules,low,,right_censored
0.9,0.5,0.9,min_rules,medium,,right_censored
0.9,0.5,0.9,no_rules,high,0.013228,ok
0.9,0.5,0.9,no_rules,low,0.026801,ok
0.9,0.5,0.9,no_rules,medium,0.017762,ok
0.9,0.5,0.9,retry_oracle,high,0.014488,ok
0.9,0.5,0.9,retry_oracle,low,0.032558,ok
0.9,0.5,0.9,retry_oracle,medium,0.020901,ok
0.9,0.5,0.9,retry_selfreport,high,0.013736,ok
0.9,0.5,0.9,retry_selfreport,low,0.029231,ok
0.9,0.5,0.9,retry_selfreport,medium,0.01902,ok
0.95,0.5,0.9,min_rules,high,,right_censored
0.95,0.5,0.9,min_rules,low,,right_censored
0.95,0.5,0.9,min_rules,medium,,right_censored
0.95,0.5,0.9,no_rules,high,0.013228,ok
0.95,0.5,0.9,no_rules,low,0.026787,ok
0.95,0.5,0.9,no_rules,medium,0.017762,ok
0.95,0.5,0.9,retry_oracle,high,0.014488,ok
0.95,0.5,0.9,retry_oracle,low,0.032558,ok
0.95,0.5,0.9,retry_oracle,medium,0.020901,ok
0.95,0.5,0.9,retry_selfreport,high,0.01376,ok
0.95,0.5,0.9,retry_selfreport,low,0.0292,ok
0.95,0.5,0.9,retry_selfreport,medium,0.018993,ok
