swap_prob,r,rho,stratum_set,pair,n_chains,B_requested,B_defined,pct_undefined,delta_eps_star_point,ci_lo,ci_hi,p_boot,p_floor,bootstrap_seed,family
0.3,0.2,0.0,pooled,min_rules-retry_oracle,600,9999,9999,0.0,-0.096002,-0.100407,-0.091296,0.0,2/9999,20261021,sensitivity-swap
0.5,0.2,0.0,pooled,min_rules-retry_oracle,600,9999,9999,0.0,-0.062336,-0.068977,-0.055419,0.0,2/9999,20261021,sensitivity-swap
0.7,0.2,0.0,pooled,min_rules-retry_oracle,600,9999,9999,0.0,0.007342,-0.003088,0.019521,0.192219,2/9999,20261021,sensitivity-swap
0.9,0.2,0.0,pooled,min_rules-retry_oracle,600,9999,0,1.0,,,,,2/9999,20261021,sensitivity-swap
0.95,0.2,0.0,pooled,min_rules-retry_oracle,600,9999,0,1.0,,,,,2/9999,20261021,sensitivity-swap
0.3,0.2,0.5,pooled,min_rules-retry_oracle,600,9999,9999,0.0,0.024999,0.021103,0.029298,0.0,2/9999,20261021,sensitivity-swap
0.5,0.2,0.5,pooled,min_rules-retry_oracle,600,9999,9999,0.0,0.058665,0.052373,0.065,0.0,2/9999,20261021,sensitivity-swap
0.7,0.2,0.5,pooled,min_rules-retry_oracle,600,9999,9999,0.0,0.128343,0.118534,0.139837,0.0,2/9999,20261021,sensitivity-swap
0.9,0.2,0.5,pooled,min_rules-retry_oracle,600,9999,0,1.0,,,,,2/9999,20261021,sensitivity-swap
0.95,0.2,0.5,pooled,min_rules-retry_oracle,600,9999,0,1.0,,,,,2/9999,20261021,sensitivity-swap
0.3,0.2,0.9,pooled,min_rules-retry_oracle,600,9999,9999,0.0,0.062016,0.057636,0.067022,0.0,2/9999,20261021,sensitivity-swap
0.5,0.2,0.9,pooled,min_rules-retry_oracle,600,9999,9999,0.0,0.095682,0.088658,0.10262,0.0,2/9999,20261021,sensitivity-swap
0.7,0.2,0.9,pooled,min_rules-retry_oracle,600,9999,9999,0.0,0.165361,0.154517,0.177753,0.0,2/9999,20261021,sensitivity-swap
0.9,0.2,0.9,pooled,min_rules-retry_oracle,600,9999,1,0.9999,,0.48039,0.48039,0.0,2/9999,20261021,sensitivity-swap
0.95,0.2,0.9,pooled,min_rules-retry_oracle,600,9999,0,1.0,,,,,2/9999,20261021,sensitivity-swap
0.3,0.5,0.0,pooled,min_rules-retry_oracle,600,9999,9999,0.0,-0.167924,-0.172071,-0.163399,0.0,2/9999,20261021,sensitivity-swap
0.5,0.5,0.0,pooled,min_rules-retry_oracle,600,9999,9999,0.0,-0.134258,-0.140327,-0.127994,0.0,2/9999,20261021,sensitivity-swap
0.7,0.5,0.0,pooled,min_rules-retry_oracle,600,9999,9999,0.0,-0.064579,-0.0742,-0.05309,0.0,2/9999,20261021,sensitivity-swap
0.9,0.5,0.0,pooled,min_rules-retry_oracle,600,9999,0,1.0,,,,,2/9999,20261021,sensitivity-swap
0.95,0.5,0.0,pooled,min_rules-retry_oracle,600,9999,0,1.0,,,,,2/9999,20261021,sensitivity-swap
0.3,0.5,0.5,pooled,min_rules-retry_oracle,600,9999,9999,0.0,0.024686,0.020735,0.029113,0.0,2/9999,20261021,sensitivity-swap
0.5,0.5,0.5,pooled,min_rules-retry_oracle,600,9999,9999,0.0,0.058352,0.052267,0.064639,0.0,2/9999,20261021,sensitivity-swap
0.7,0.5,0.5,pooled,min_rules-retry_oracle,600,9999,9999,0.0,0.128031,0.117963,0.139572,0.0,2/9999,20261021,sensitivity-swap
0.9,0.5,0.5,pooled,min_rules-retry_oracle,600,9999,0,1.0,,,,,2/9999,20261021,sensitivity-swap
0.95,0.5,0.5,pooled,min_rules-retry_oracle,600,9999,0,1.0,,,,,2/9999,20261021,sensitivity-swap
0.3,0.5,0.9,pooled,min_rules-retry_oracle,600,9999,9999,0.0,0.062016,0.05758,0.067006,0.0,2/9999,20261021,sensitivity-swap
0.5,0.5,0.9,pooled,min_rules-retry_oracle,600,9999,9999,0.0,0.095682,0.088788,0.102708,0.0,2/9999,20261021,sensitivity-swap
0.7,0.5,0.9,pooled,min_rules-retry_oracle,600,9999,9999,0.0,0.165361,0.154703,0.177775,0.0,2/9999,20261021,sensitivity-swap
0.9,0.5,0.9,pooled,min_rules-retry_oracle,600,9999,1,0.9999,,0.480206,0.480206,0.0,2/9999,20261021,sensitivity-swap
0.95,0.5,0.9,pooled,min_rules-retry_oracle,600,9999,0,1.0,,,,,2/9999,20261021,sensitivity-swap
