cell,arm,stratum_set,n_runs_per_stratum,criterion,epsilon_star,censor_flag
r02_rho00,no_rules,low,4000,0.7,0.014458,ok
r02_rho00,no_rules,medium,4000,0.7,0.010729,ok
r02_rho00,no_rules,high,4000,0.7,0.007887,ok
r02_rho00,no_rules,pooled,4000,0.7,0.010375,ok
r02_rho00,retry_selfreport,low,4000,0.7,0.027688,ok
r02_rho00,retry_selfreport,medium,4000,0.7,0.017991,ok
r02_rho00,retry_selfreport,high,4000,0.7,0.011707,ok
r02_rho00,retry_selfreport,pooled,4000,0.7,0.016655,ok
r02_rho00,retry_oracle,low,4000,0.7,0.157385,ok
r02_rho00,retry_oracle,medium,4000,0.7,0.152212,ok
r02_rho00,retry_oracle,high,4000,0.7,0.141354,ok
r02_rho00,retry_oracle,pooled,4000,0.7,0.149238,ok
r02_rho00,min_rules,low,4000,0.7,0.118182,ok
r02_rho00,min_rules,medium,4000,0.7,0.071366,ok
r02_rho00,min_rules,high,4000,0.7,0.042099,ok
r02_rho00,min_rules,pooled,4000,0.7,0.069261,ok
r02_rho00,DELTA_min_rules-minus-retry_oracle,low,4000,0.7,-0.039204,ok
r02_rho00,DELTA_min_rules-minus-retry_oracle,medium,4000,0.7,-0.080846,ok
r02_rho00,DELTA_min_rules-minus-retry_oracle,high,4000,0.7,-0.099255,ok
r02_rho00,DELTA_min_rules-minus-retry_oracle,pooled,4000,0.7,-0.079977,ok
r02_rho05,no_rules,low,4000,0.7,0.014458,ok
r02_rho05,no_rules,medium,4000,0.7,0.010729,ok
r02_rho05,no_rules,high,4000,0.7,0.007887,ok
r02_rho05,no_rules,pooled,4000,0.7,0.010375,ok
r02_rho05,retry_selfreport,low,4000,0.7,0.020751,ok
r02_rho05,retry_selfreport,medium,4000,0.7,0.015056,ok
r02_rho05,retry_selfreport,high,4000,0.7,0.010076,ok
r02_rho05,retry_selfreport,pooled,4000,0.7,0.013989,ok
r02_rho05,retry_oracle,low,4000,0.7,0.047417,ok
r02_rho05,retry_oracle,medium,4000,0.7,0.032448,ok
r02_rho05,retry_oracle,high,4000,0.7,0.018634,ok
r02_rho05,retry_oracle,pooled,4000,0.7,0.029446,ok
r02_rho05,min_rules,low,4000,0.7,0.118182,ok
r02_rho05,min_rules,medium,4000,0.7,0.071366,ok
r02_rho05,min_rules,high,4000,0.7,0.042099,ok
r02_rho05,min_rules,pooled,4000,0.7,0.069261,ok
r02_rho05,DELTA_min_rules-minus-retry_oracle,low,4000,0.7,0.070765,ok
r02_rho05,DELTA_min_rules-minus-retry_oracle,medium,4000,0.7,0.038918,ok
r02_rho05,DELTA_min_rules-minus-retry_oracle,high,4000,0.7,0.023466,ok
r02_rho05,DELTA_min_rules-minus-retry_oracle,pooled,4000,0.7,0.039815,ok
r02_rho09,no_rules,low,4000,0.7,0.014458,ok
r02_rho09,no_rules,medium,4000,0.7,0.010729,ok
r02_rho09,no_rules,high,4000,0.7,0.007887,ok
r02_rho09,no_rules,pooled,4000,0.7,0.010375,ok
r02_rho09,retry_selfreport,low,4000,0.7,0.015574,ok
r02_rho09,retry_selfreport,medium,4000,0.7,0.011439,ok
r02_rho09,retry_selfreport,high,4000,0.7,0.008267,ok
r02_rho09,retry_selfreport,pooled,4000,0.7,0.011006,ok
r02_rho09,retry_oracle,low,4000,0.7,0.016985,ok
r02_rho09,retry_oracle,medium,4000,0.7,0.01239,ok
r02_rho09,retry_oracle,high,4000,0.7,0.008642,ok
r02_rho09,retry_oracle,pooled,4000,0.7,0.011751,ok
r02_rho09,min_rules,low,4000,0.7,0.118182,ok
r02_rho09,min_rules,medium,4000,0.7,0.071366,ok
r02_rho09,min_rules,high,4000,0.7,0.042099,ok
r02_rho09,min_rules,pooled,4000,0.7,0.069261,ok
r02_rho09,DELTA_min_rules-minus-retry_oracle,low,4000,0.7,0.101197,ok
r02_rho09,DELTA_min_rules-minus-retry_oracle,medium,4000,0.7,0.058975,ok
r02_rho09,DELTA_min_rules-minus-retry_oracle,high,4000,0.7,0.033457,ok
r02_rho09,DELTA_min_rules-minus-retry_oracle,pooled,4000,0.7,0.05751,ok
r05_rho00,no_rules,low,4000,0.7,0.014458,ok
r05_rho00,no_rules,medium,4000,0.7,0.010729,ok
r05_rho00,no_rules,high,4000,0.7,0.007887,ok
r05_rho00,no_rules,pooled,4000,0.7,0.010375,ok
r05_rho00,retry_selfreport,low,4000,0.7,0.027688,ok
r05_rho00,retry_selfreport,medium,4000,0.7,0.017991,ok
r05_rho00,retry_selfreport,high,4000,0.7,0.011707,ok
r05_rho00,retry_selfreport,pooled,4000,0.7,0.016655,ok
r05_rho00,retry_oracle,low,4000,0.7,0.236015,ok
r05_rho00,retry_oracle,medium,4000,0.7,0.208767,ok
r05_rho00,retry_oracle,high,4000,0.7,0.16847,ok
r05_rho00,retry_oracle,pooled,4000,0.7,0.200044,ok
r05_rho00,min_rules,low,4000,0.7,0.118182,ok
r05_rho00,min_rules,medium,4000,0.7,0.071366,ok
r05_rho00,min_rules,high,4000,0.7,0.042099,ok
r05_rho00,min_rules,pooled,4000,0.7,0.069261,ok
r05_rho00,DELTA_min_rules-minus-retry_oracle,low,4000,0.7,-0.117833,ok
r05_rho00,DELTA_min_rules-minus-retry_oracle,medium,4000,0.7,-0.137401,ok
r05_rho00,DELTA_min_rules-minus-retry_oracle,high,4000,0.7,-0.126371,ok
r05_rho00,DELTA_min_rules-minus-retry_oracle,pooled,4000,0.7,-0.130783,ok
r05_rho05,no_rules,low,4000,0.7,0.014458,ok
r05_rho05,no_rules,medium,4000,0.7,0.010729,ok
r05_rho05,no_rules,high,4000,0.7,0.007887,ok
r05_rho05,no_rules,pooled,4000,0.7,0.010375,ok
r05_rho05,retry_selfreport,low,4000,0.7,0.020751,ok
r05_rho05,retry_selfreport,medium,4000,0.7,0.015066,ok
r05_rho05,retry_selfreport,high,4000,0.7,0.010076,ok
r05_rho05,retry_selfreport,pooled,4000,0.7,0.013991,ok
r05_rho05,retry_oracle,low,4000,0.7,0.048213,ok
r05_rho05,retry_oracle,medium,4000,0.7,0.032515,ok
r05_rho05,retry_oracle,high,4000,0.7,0.018634,ok
r05_rho05,retry_oracle,pooled,4000,0.7,0.029528,ok
r05_rho05,min_rules,low,4000,0.7,0.118182,ok
r05_rho05,min_rules,medium,4000,0.7,0.071366,ok
r05_rho05,min_rules,high,4000,0.7,0.042099,ok
r05_rho05,min_rules,pooled,4000,0.7,0.069261,ok
r05_rho05,DELTA_min_rules-minus-retry_oracle,low,4000,0.7,0.069968,ok
r05_rho05,DELTA_min_rules-minus-retry_oracle,medium,4000,0.7,0.038851,ok
r05_rho05,DELTA_min_rules-minus-retry_oracle,high,4000,0.7,0.023466,ok
r05_rho05,DELTA_min_rules-minus-retry_oracle,pooled,4000,0.7,0.039733,ok
r05_rho09,no_rules,low,4000,0.7,0.014458,ok
r05_rho09,no_rules,medium,4000,0.7,0.010729,ok
r05_rho09,no_rules,high,4000,0.7,0.007887,ok
r05_rho09,no_rules,pooled,4000,0.7,0.010375,ok
r05_rho09,retry_selfreport,low,4000,0.7,0.015574,ok
r05_rho09,retry_selfreport,medium,4000,0.7,0.011439,ok
r05_rho09,retry_selfreport,high,4000,0.7,0.008267,ok
r05_rho09,retry_selfreport,pooled,4000,0.7,0.011006,ok
r05_rho09,retry_oracle,low,4000,0.7,0.016985,ok
r05_rho09,retry_oracle,medium,4000,0.7,0.01239,ok
r05_rho09,retry_oracle,high,4000,0.7,0.008642,ok
r05_rho09,retry_oracle,pooled,4000,0.7,0.011751,ok
r05_rho09,min_rules,low,4000,0.7,0.118182,ok
r05_rho09,min_rules,medium,4000,0.7,0.071366,ok
r05_rho09,min_rules,high,4000,0.7,0.042099,ok
r05_rho09,min_rules,pooled,4000,0.7,0.069261,ok
r05_rho09,DELTA_min_rules-minus-retry_oracle,low,4000,0.7,0.101197,ok
r05_rho09,DELTA_min_rules-minus-retry_oracle,medium,4000,0.7,0.058975,ok
r05_rho09,DELTA_min_rules-minus-retry_oracle,high,4000,0.7,0.033457,ok
r05_rho09,DELTA_min_rules-minus-retry_oracle,pooled,4000,0.7,0.05751,ok
