cell,pair,stratum_set,n_chains,criterion,B_requested,B_defined,pct_undefined,delta_eps_star_point,ci_lo,ci_hi,p_boot,p_floor,bootstrap_seed,family
r02_rho00,min_rules-retry_oracle,pooled,600,0.7,9999,9999,0.0,-0.079977,-0.083513,-0.076354,0.0,2/9999,20261018,sensitivity-criterion07
r02_rho00,min_rules-retry_oracle,low,200,0.7,9999,9999,0.0,-0.039204,-0.047723,-0.030873,0.0,2/9999,20261018,sensitivity-criterion07
r02_rho00,min_rules-retry_oracle,medium,200,0.7,9999,9999,0.0,-0.080846,-0.086113,-0.075472,0.0,2/9999,20261018,sensitivity-criterion07
r02_rho00,min_rules-retry_oracle,high,200,0.7,9999,9999,0.0,-0.099255,-0.102922,-0.095232,0.0,2/9999,20261018,sensitivity-criterion07
r02_rho05,min_rules-retry_oracle,pooled,600,0.7,9999,9999,0.0,0.039815,0.036544,0.043021,0.0,2/9999,20261018,sensitivity-criterion07
r02_rho05,min_rules-retry_oracle,low,200,0.7,9999,9999,0.0,0.070765,0.062486,0.078892,0.0,2/9999,20261018,sensitivity-criterion07
r02_rho05,min_rules-retry_oracle,medium,200,0.7,9999,9999,0.0,0.038918,0.03411,0.04383,0.0,2/9999,20261018,sensitivity-criterion07
r02_rho05,min_rules-retry_oracle,high,200,0.7,9999,9999,0.0,0.023466,0.020092,0.027157,0.0,2/9999,20261018,sensitivity-criterion07
r02_rho09,min_rules-retry_oracle,pooled,600,0.7,9999,9999,0.0,0.05751,0.053827,0.061212,0.0,2/9999,20261018,sensitivity-criterion07
r02_rho09,min_rules-retry_oracle,low,200,0.7,9999,9999,0.0,0.101197,0.092563,0.109401,0.0,2/9999,20261018,sensitivity-criterion07
r02_rho09,min_rules-retry_oracle,medium,200,0.7,9999,9999,0.0,0.058975,0.054058,0.064144,0.0,2/9999,20261018,sensitivity-criterion07
r02_rho09,min_rules-retry_oracle,high,200,0.7,9999,9999,0.0,0.033457,0.030028,0.037299,0.0,2/9999,20261018,sensitivity-criterion07
r05_rho00,min_rules-retry_oracle,pooled,600,0.7,9999,9999,0.0,-0.130783,-0.134156,-0.127169,0.0,2/9999,20261018,sensitivity-criterion07
r05_rho00,min_rules-retry_oracle,low,200,0.7,9999,9999,0.0,-0.117833,-0.12704,-0.10893,0.0,2/9999,20261018,sensitivity-criterion07
r05_rho00,min_rules-retry_oracle,medium,200,0.7,9999,9999,0.0,-0.137401,-0.143666,-0.131074,0.0,2/9999,20261018,sensitivity-criterion07
r05_rho00,min_rules-retry_oracle,high,200,0.7,9999,9999,0.0,-0.126371,-0.130691,-0.121977,0.0,2/9999,20261018,sensitivity-criterion07
r05_rho05,min_rules-retry_oracle,pooled,600,0.7,9999,9999,0.0,0.039733,0.036548,0.043062,0.0,2/9999,20261018,sensitivity-criterion07
r05_rho05,min_rules-retry_oracle,low,200,0.7,9999,9999,0.0,0.069968,0.06146,0.078187,0.0,2/9999,20261018,sensitivity-criterion07
r05_rho05,min_rules-retry_oracle,medium,200,0.7,9999,9999,0.0,0.038851,0.034083,0.04374,0.0,2/9999,20261018,sensitivity-criterion07
r05_rho05,min_rules-retry_oracle,high,200,0.7,9999,9999,0.0,0.023466,0.020174,0.027165,0.0,2/9999,20261018,sensitivity-criterion07
r05_rho09,min_rules-retry_oracle,pooled,600,0.7,9999,9999,0.0,0.05751,0.053834,0.061269,0.0,2/9999,20261018,sensitivity-criterion07
r05_rho09,min_rules-retry_oracle,low,200,0.7,9999,9999,0.0,0.101197,0.092859,0.109319,0.0,2/9999,20261018,sensitivity-criterion07
r05_rho09,min_rules-retry_oracle,medium,200,0.7,9999,9999,0.0,0.058975,0.054141,0.064093,0.0,2/9999,20261018,sensitivity-criterion07
r05_rho09,min_rules-retry_oracle,high,200,0.7,9999,9999,0.0,0.033457,0.029964,0.037296,0.0,2/9999,20261018,sensitivity-criterion07
