condition,rule_class,epsilon,grid,enabled,n_steps,n_triggered,trigger_rate,contraction,vacuous
no_rules,legal_set,0.02,primary,0,568520,0,0.0,,0
no_rules,legal_set,0.05,primary,0,568520,0,0.0,,0
no_rules,legal_set,0.08,primary,0,568520,0,0.0,,0
no_rules,legal_set,0.1,exploratory,0,568520,0,0.0,,0
no_rules,legal_set,0.14,exploratory,0,568520,0,0.0,,0
no_rules,legal_set,0.18,exploratory,0,568520,0,0.0,,0
no_rules,legal_set,0.22,exploratory,0,568520,0,0.0,,0
no_rules,legal_set,0.26,exploratory,0,568520,0,0.0,,0
no_rules,legal_set,0.3,exploratory,0,568520,0,0.0,,0
no_rules,legal_set,0.34,exploratory,0,568520,0,0.0,,0
no_rules,legal_set,ALL,all,0,5685200,0,0.0,,0
no_rules,order,0.02,primary,0,568520,0,0.0,,1
no_rules,order,0.05,primary,0,568520,0,0.0,,1
no_rules,order,0.08,primary,0,568520,0,0.0,,1
no_rules,order,0.1,exploratory,0,568520,0,0.0,,1
no_rules,order,0.14,exploratory,0,568520,0,0.0,,1
no_rules,order,0.18,exploratory,0,568520,0,0.0,,1
no_rules,order,0.22,exploratory,0,568520,0,0.0,,1
no_rules,order,0.26,exploratory,0,568520,0,0.0,,1
no_rules,order,0.3,exploratory,0,568520,0,0.0,,1
no_rules,order,0.34,exploratory,0,568520,0,0.0,,1
no_rules,order,ALL,all,0,5685200,0,0.0,,1
no_rules,consistency,0.02,primary,0,568520,0,0.0,,0
no_rules,consistency,0.05,primary,0,568520,0,0.0,,0
no_rules,consistency,0.08,primary,0,568520,0,0.0,,0
no_rules,consistency,0.1,exploratory,0,568520,0,0.0,,0
no_rules,consistency,0.14,exploratory,0,568520,0,0.0,,0
no_rules,consistency,0.18,exploratory,0,568520,0,0.0,,0
no_rules,consistency,0.22,exploratory,0,568520,0,0.0,,0
no_rules,consistency,0.26,exploratory,0,568520,0,0.0,,0
no_rules,consistency,0.3,exploratory,0,568520,0,0.0,,0
no_rules,consistency,0.34,exploratory,0,568520,0,0.0,,0
no_rules,consistency,ALL,all,0,5685200,0,0.0,,0
no_rules,coordinate,0.02,primary,0,568520,0,0.0,,1
no_rules,coordinate,0.05,primary,0,568520,0,0.0,,1
no_rules,coordinate,0.08,primary,0,568520,0,0.0,,1
no_rules,coordinate,0.1,exploratory,0,568520,0,0.0,,1
no_rules,coordinate,0.14,exploratory,0,568520,0,0.0,,1
no_rules,coordinate,0.18,exploratory,0,568520,0,0.0,,1
no_rules,coordinate,0.22,exploratory,0,568520,0,0.0,,1
no_rules,coordinate,0.26,exploratory,0,568520,0,0.0,,1
no_rules,coordinate,0.3,exploratory,0,568520,0,0.0,,1
no_rules,coordinate,0.34,exploratory,0,568520,0,0.0,,1
no_rules,coordinate,ALL,all,0,5685200,0,0.0,,1
only_legal_set,legal_set,0.02,primary,1,568520,296,0.000521,0.5,0
only_legal_set,legal_set,0.05,primary,1,568520,473,0.000832,0.5,0
only_legal_set,legal_set,0.08,primary,1,568520,564,0.000992,0.5,0
only_legal_set,legal_set,0.1,exploratory,1,568520,600,0.001055,0.5,0
only_legal_set,legal_set,0.14,exploratory,1,568520,711,0.001251,0.5,0
only_legal_set,legal_set,0.18,exploratory,1,568520,809,0.001423,0.5,0
only_legal_set,legal_set,0.22,exploratory,1,568520,918,0.001615,0.5,0
only_legal_set,legal_set,0.26,exploratory,1,568520,1044,0.001836,0.5,0
only_legal_set,legal_set,0.3,exploratory,1,568520,1166,0.002051,0.5,0
only_legal_set,legal_set,0.34,exploratory,1,568520,1278,0.002248,0.5,0
only_legal_set,legal_set,ALL,all,1,5685200,7859,0.001382,0.5,0
only_legal_set,order,0.02,primary,0,568520,0,0.0,,1
only_legal_set,order,0.05,primary,0,568520,0,0.0,,1
only_legal_set,order,0.08,primary,0,568520,0,0.0,,1
only_legal_set,order,0.1,exploratory,0,568520,0,0.0,,1
only_legal_set,order,0.14,exploratory,0,568520,0,0.0,,1
only_legal_set,order,0.18,exploratory,0,568520,0,0.0,,1
only_legal_set,order,0.22,exploratory,0,568520,0,0.0,,1
only_legal_set,order,0.26,exploratory,0,568520,0,0.0,,1
only_legal_set,order,0.3,exploratory,0,568520,0,0.0,,1
only_legal_set,order,0.34,exploratory,0,568520,0,0.0,,1
only_legal_set,order,ALL,all,0,5685200,0,0.0,,1
only_legal_set,consistency,0.02,primary,0,568520,0,0.0,,0
only_legal_set,consistency,0.05,primary,0,568520,0,0.0,,0
only_legal_set,consistency,0.08,primary,0,568520,0,0.0,,0
only_legal_set,consistency,0.1,exploratory,0,568520,0,0.0,,0
only_legal_set,consistency,0.14,exploratory,0,568520,0,0.0,,0
only_legal_set,consistency,0.18,exploratory,0,568520,0,0.0,,0
only_legal_set,consistency,0.22,exploratory,0,568520,0,0.0,,0
only_legal_set,consistency,0.26,exploratory,0,568520,0,0.0,,0
only_legal_set,consistency,0.3,exploratory,0,568520,0,0.0,,0
only_legal_set,consistency,0.34,exploratory,0,568520,0,0.0,,0
only_legal_set,consistency,ALL,all,0,5685200,0,0.0,,0
only_legal_set,coordinate,0.02,primary,0,568520,0,0.0,,1
only_legal_set,coordinate,0.05,primary,0,568520,0,0.0,,1
only_legal_set,coordinate,0.08,primary,0,568520,0,0.0,,1
only_legal_set,coordinate,0.1,exploratory,0,568520,0,0.0,,1
only_legal_set,coordinate,0.14,exploratory,0,568520,0,0.0,,1
only_legal_set,coordinate,0.18,exploratory,0,568520,0,0.0,,1
only_legal_set,coordinate,0.22,exploratory,0,568520,0,0.0,,1
only_legal_set,coordinate,0.26,exploratory,0,568520,0,0.0,,1
only_legal_set,coordinate,0.3,exploratory,0,568520,0,0.0,,1
only_legal_set,coordinate,0.34,exploratory,0,568520,0,0.0,,1
only_legal_set,coordinate,ALL,all,0,5685200,0,0.0,,1
only_order,legal_set,0.02,primary,0,568520,0,0.0,,0
only_order,legal_set,0.05,primary,0,568520,0,0.0,,0
only_order,legal_set,0.08,primary,0,568520,0,0.0,,0
only_order,legal_set,0.1,exploratory,0,568520,0,0.0,,0
only_order,legal_set,0.14,exploratory,0,568520,0,0.0,,0
only_order,legal_set,0.18,exploratory,0,568520,0,0.0,,0
only_order,legal_set,0.22,exploratory,0,568520,0,0.0,,0
only_order,legal_set,0.26,exploratory,0,568520,0,0.0,,0
only_order,legal_set,0.3,exploratory,0,568520,0,0.0,,0
only_order,legal_set,0.34,exploratory,0,568520,0,0.0,,0
only_order,legal_set,ALL,all,0,5685200,0,0.0,,0
only_order,order,0.02,primary,1,568520,0,0.0,,1
only_order,order,0.05,primary,1,568520,0,0.0,,1
only_order,order,0.08,primary,1,568520,0,0.0,,1
only_order,order,0.1,exploratory,1,568520,0,0.0,,1
only_order,order,0.14,exploratory,1,568520,0,0.0,,1
only_order,order,0.18,exploratory,1,568520,0,0.0,,1
only_order,order,0.22,exploratory,1,568520,0,0.0,,1
only_order,order,0.26,exploratory,1,568520,0,0.0,,1
only_order,order,0.3,exploratory,1,568520,0,0.0,,1
only_order,order,0.34,exploratory,1,568520,0,0.0,,1
only_order,order,ALL,all,1,5685200,0,0.0,,1
only_order,consistency,0.02,primary,0,568520,0,0.0,,0
only_order,consistency,0.05,primary,0,568520,0,0.0,,0
only_order,consistency,0.08,primary,0,568520,0,0.0,,0
only_order,consistency,0.1,exploratory,0,568520,0,0.0,,0
only_order,consistency,0.14,exploratory,0,568520,0,0.0,,0
only_order,consistency,0.18,exploratory,0,568520,0,0.0,,0
only_order,consistency,0.22,exploratory,0,568520,0,0.0,,0
only_order,consistency,0.26,exploratory,0,568520,0,0.0,,0
only_order,consistency,0.3,exploratory,0,568520,0,0.0,,0
only_order,consistency,0.34,exploratory,0,568520,0,0.0,,0
only_order,consistency,ALL,all,0,5685200,0,0.0,,0
only_order,coordinate,0.02,primary,0,568520,0,0.0,,1
only_order,coordinate,0.05,primary,0,568520,0,0.0,,1
only_order,coordinate,0.08,primary,0,568520,0,0.0,,1
only_order,coordinate,0.1,exploratory,0,568520,0,0.0,,1
only_order,coordinate,0.14,exploratory,0,568520,0,0.0,,1
only_order,coordinate,0.18,exploratory,0,568520,0,0.0,,1
only_order,coordinate,0.22,exploratory,0,568520,0,0.0,,1
only_order,coordinate,0.26,exploratory,0,568520,0,0.0,,1
only_order,coordinate,0.3,exploratory,0,568520,0,0.0,,1
only_order,coordinate,0.34,exploratory,0,568520,0,0.0,,1
only_order,coordinate,ALL,all,0,5685200,0,0.0,,1
only_consistency,legal_set,0.02,primary,0,568520,0,0.0,,0
only_consistency,legal_set,0.05,primary,0,568520,0,0.0,,0
only_consistency,legal_set,0.08,primary,0,568520,0,0.0,,0
only_consistency,legal_set,0.1,exploratory,0,568520,0,0.0,,0
only_consistency,legal_set,0.14,exploratory,0,568520,0,0.0,,0
only_consistency,legal_set,0.18,exploratory,0,568520,0,0.0,,0
only_consistency,legal_set,0.22,exploratory,0,568520,0,0.0,,0
only_consistency,legal_set,0.26,exploratory,0,568520,0,0.0,,0
only_consistency,legal_set,0.3,exploratory,0,568520,0,0.0,,0
only_consistency,legal_set,0.34,exploratory,0,568520,0,0.0,,0
only_consistency,legal_set,ALL,all,0,5685200,0,0.0,,0
only_consistency,order,0.02,primary,0,568520,0,0.0,,1
only_consistency,order,0.05,primary,0,568520,0,0.0,,1
only_consistency,order,0.08,primary,0,568520,0,0.0,,1
only_consistency,order,0.1,exploratory,0,568520,0,0.0,,1
only_consistency,order,0.14,exploratory,0,568520,0,0.0,,1
only_consistency,order,0.18,exploratory,0,568520,0,0.0,,1
only_consistency,order,0.22,exploratory,0,568520,0,0.0,,1
only_consistency,order,0.26,exploratory,0,568520,0,0.0,,1
only_consistency,order,0.3,exploratory,0,568520,0,0.0,,1
only_consistency,order,0.34,exploratory,0,568520,0,0.0,,1
only_consistency,order,ALL,all,0,5685200,0,0.0,,1
only_consistency,consistency,0.02,primary,1,568520,11146,0.019605,0.833333,0
only_consistency,consistency,0.05,primary,1,568520,24670,0.043393,0.833333,0
only_consistency,consistency,0.08,primary,1,568520,35648,0.062703,0.833333,0
only_consistency,consistency,0.1,exploratory,1,568520,42055,0.073973,0.833333,0
only_consistency,consistency,0.14,exploratory,1,568520,52368,0.092113,0.833333,0
only_consistency,consistency,0.18,exploratory,1,568520,61145,0.107551,0.833333,0
only_consistency,consistency,0.22,exploratory,1,568520,68179,0.119924,0.833333,0
only_consistency,consistency,0.26,exploratory,1,568520,73793,0.129798,0.833333,0
only_consistency,consistency,0.3,exploratory,1,568520,77924,0.137065,0.833333,0
only_consistency,consistency,0.34,exploratory,1,568520,81797,0.143877,0.833333,0
only_consistency,consistency,ALL,all,1,5685200,528725,0.093,0.833333,0
only_consistency,coordinate,0.02,primary,0,568520,0,0.0,,1
only_consistency,coordinate,0.05,primary,0,568520,0,0.0,,1
only_consistency,coordinate,0.08,primary,0,568520,0,0.0,,1
only_consistency,coordinate,0.1,exploratory,0,568520,0,0.0,,1
only_consistency,coordinate,0.14,exploratory,0,568520,0,0.0,,1
only_consistency,coordinate,0.18,exploratory,0,568520,0,0.0,,1
only_consistency,coordinate,0.22,exploratory,0,568520,0,0.0,,1
only_consistency,coordinate,0.26,exploratory,0,568520,0,0.0,,1
only_consistency,coordinate,0.3,exploratory,0,568520,0,0.0,,1
only_consistency,coordinate,0.34,exploratory,0,568520,0,0.0,,1
only_consistency,coordinate,ALL,all,0,5685200,0,0.0,,1
only_coordinate,legal_set,0.02,primary,0,568520,0,0.0,,0
only_coordinate,legal_set,0.05,primary,0,568520,0,0.0,,0
only_coordinate,legal_set,0.08,primary,0,568520,0,0.0,,0
only_coordinate,legal_set,0.1,exploratory,0,568520,0,0.0,,0
only_coordinate,legal_set,0.14,exploratory,0,568520,0,0.0,,0
only_coordinate,legal_set,0.18,exploratory,0,568520,0,0.0,,0
only_coordinate,legal_set,0.22,exploratory,0,568520,0,0.0,,0
only_coordinate,legal_set,0.26,exploratory,0,568520,0,0.0,,0
only_coordinate,legal_set,0.3,exploratory,0,568520,0,0.0,,0
only_coordinate,legal_set,0.34,exploratory,0,568520,0,0.0,,0
only_coordinate,legal_set,ALL,all,0,5685200,0,0.0,,0
only_coordinate,order,0.02,primary,0,568520,0,0.0,,1
only_coordinate,order,0.05,primary,0,568520,0,0.0,,1
only_coordinate,order,0.08,primary,0,568520,0,0.0,,1
only_coordinate,order,0.1,exploratory,0,568520,0,0.0,,1
only_coordinate,order,0.14,exploratory,0,568520,0,0.0,,1
only_coordinate,order,0.18,exploratory,0,568520,0,0.0,,1
only_coordinate,order,0.22,exploratory,0,568520,0,0.0,,1
only_coordinate,order,0.26,exploratory,0,568520,0,0.0,,1
only_coordinate,order,0.3,exploratory,0,568520,0,0.0,,1
only_coordinate,order,0.34,exploratory,0,568520,0,0.0,,1
only_coordinate,order,ALL,all,0,5685200,0,0.0,,1
only_coordinate,consistency,0.02,primary,0,568520,0,0.0,,0
only_coordinate,consistency,0.05,primary,0,568520,0,0.0,,0
only_coordinate,consistency,0.08,primary,0,568520,0,0.0,,0
only_coordinate,consistency,0.1,exploratory,0,568520,0,0.0,,0
only_coordinate,consistency,0.14,exploratory,0,568520,0,0.0,,0
only_coordinate,consistency,0.18,exploratory,0,568520,0,0.0,,0
only_coordinate,consistency,0.22,exploratory,0,568520,0,0.0,,0
only_coordinate,consistency,0.26,exploratory,0,568520,0,0.0,,0
only_coordinate,consistency,0.3,exploratory,0,568520,0,0.0,,0
only_coordinate,consistency,0.34,exploratory,0,568520,0,0.0,,0
only_coordinate,consistency,ALL,all,0,5685200,0,0.0,,0
only_coordinate,coordinate,0.02,primary,1,568520,0,0.0,,1
only_coordinate,coordinate,0.05,primary,1,568520,0,0.0,,1
only_coordinate,coordinate,0.08,primary,1,568520,0,0.0,,1
only_coordinate,coordinate,0.1,exploratory,1,568520,0,0.0,,1
only_coordinate,coordinate,0.14,exploratory,1,568520,0,0.0,,1
only_coordinate,coordinate,0.18,exploratory,1,568520,0,0.0,,1
only_coordinate,coordinate,0.22,exploratory,1,568520,0,0.0,,1
only_coordinate,coordinate,0.26,exploratory,1,568520,0,0.0,,1
only_coordinate,coordinate,0.3,exploratory,1,568520,0,0.0,,1
only_coordinate,coordinate,0.34,exploratory,1,568520,0,0.0,,1
only_coordinate,coordinate,ALL,all,1,5685200,0,0.0,,1
loo_no_legal_set,legal_set,0.02,primary,0,568520,0,0.0,,0
loo_no_legal_set,legal_set,0.05,primary,0,568520,0,0.0,,0
loo_no_legal_set,legal_set,0.08,primary,0,568520,0,0.0,,0
loo_no_legal_set,legal_set,0.1,exploratory,0,568520,0,0.0,,0
loo_no_legal_set,legal_set,0.14,exploratory,0,568520,0,0.0,,0
loo_no_legal_set,legal_set,0.18,exploratory,0,568520,0,0.0,,0
loo_no_legal_set,legal_set,0.22,exploratory,0,568520,0,0.0,,0
loo_no_legal_set,legal_set,0.26,exploratory,0,568520,0,0.0,,0
loo_no_legal_set,legal_set,0.3,exploratory,0,568520,0,0.0,,0
loo_no_legal_set,legal_set,0.34,exploratory,0,568520,0,0.0,,0
loo_no_legal_set,legal_set,ALL,all,0,5685200,0,0.0,,0
loo_no_legal_set,order,0.02,primary,1,568520,0,0.0,,1
loo_no_legal_set,order,0.05,primary,1,568520,0,0.0,,1
loo_no_legal_set,order,0.08,primary,1,568520,0,0.0,,1
loo_no_legal_set,order,0.1,exploratory,1,568520,0,0.0,,1
loo_no_legal_set,order,0.14,exploratory,1,568520,0,0.0,,1
loo_no_legal_set,order,0.18,exploratory,1,568520,0,0.0,,1
loo_no_legal_set,order,0.22,exploratory,1,568520,0,0.0,,1
loo_no_legal_set,order,0.26,exploratory,1,568520,0,0.0,,1
loo_no_legal_set,order,0.3,exploratory,1,568520,0,0.0,,1
loo_no_legal_set,order,0.34,exploratory,1,568520,0,0.0,,1
loo_no_legal_set,order,ALL,all,1,5685200,0,0.0,,1
loo_no_legal_set,consistency,0.02,primary,1,568520,11146,0.019605,0.833333,0
loo_no_legal_set,consistency,0.05,primary,1,568520,24670,0.043393,0.833333,0
loo_no_legal_set,consistency,0.08,primary,1,568520,35648,0.062703,0.833333,0
loo_no_legal_set,consistency,0.1,exploratory,1,568520,42055,0.073973,0.833333,0
loo_no_legal_set,consistency,0.14,exploratory,1,568520,52368,0.092113,0.833333,0
loo_no_legal_set,consistency,0.18,exploratory,1,568520,61145,0.107551,0.833333,0
loo_no_legal_set,consistency,0.22,exploratory,1,568520,68179,0.119924,0.833333,0
loo_no_legal_set,consistency,0.26,exploratory,1,568520,73793,0.129798,0.833333,0
loo_no_legal_set,consistency,0.3,exploratory,1,568520,77924,0.137065,0.833333,0
loo_no_legal_set,consistency,0.34,exploratory,1,568520,81797,0.143877,0.833333,0
loo_no_legal_set,consistency,ALL,all,1,5685200,528725,0.093,0.833333,0
loo_no_legal_set,coordinate,0.02,primary,1,568520,0,0.0,,1
loo_no_legal_set,coordinate,0.05,primary,1,568520,0,0.0,,1
loo_no_legal_set,coordinate,0.08,primary,1,568520,0,0.0,,1
loo_no_legal_set,coordinate,0.1,exploratory,1,568520,0,0.0,,1
loo_no_legal_set,coordinate,0.14,exploratory,1,568520,0,0.0,,1
loo_no_legal_set,coordinate,0.18,exploratory,1,568520,0,0.0,,1
loo_no_legal_set,coordinate,0.22,exploratory,1,568520,0,0.0,,1
loo_no_legal_set,coordinate,0.26,exploratory,1,568520,0,0.0,,1
loo_no_legal_set,coordinate,0.3,exploratory,1,568520,0,0.0,,1
loo_no_legal_set,coordinate,0.34,exploratory,1,568520,0,0.0,,1
loo_no_legal_set,coordinate,ALL,all,1,5685200,0,0.0,,1
loo_no_order,legal_set,0.02,primary,1,568520,1510,0.002656,0.5,0
loo_no_order,legal_set,0.05,primary,1,568520,3546,0.006237,0.5,0
loo_no_order,legal_set,0.08,primary,1,568520,5263,0.009257,0.5,0
loo_no_order,legal_set,0.1,exploratory,1,568520,6210,0.010923,0.5,0
loo_no_order,legal_set,0.14,exploratory,1,568520,7960,0.014001,0.5,0
loo_no_order,legal_set,0.18,exploratory,1,568520,9451,0.016624,0.5,0
loo_no_order,legal_set,0.22,exploratory,1,568520,10826,0.019042,0.5,0
loo_no_order,legal_set,0.26,exploratory,1,568520,12075,0.021239,0.5,0
loo_no_order,legal_set,0.3,exploratory,1,568520,13239,0.023287,0.5,0
loo_no_order,legal_set,0.34,exploratory,1,568520,14292,0.025139,0.5,0
loo_no_order,legal_set,ALL,all,1,5685200,84372,0.014841,0.5,0
loo_no_order,order,0.02,primary,0,568520,0,0.0,,1
loo_no_order,order,0.05,primary,0,568520,0,0.0,,1
loo_no_order,order,0.08,primary,0,568520,0,0.0,,1
loo_no_order,order,0.1,exploratory,0,568520,0,0.0,,1
loo_no_order,order,0.14,exploratory,0,568520,0,0.0,,1
loo_no_order,order,0.18,exploratory,0,568520,0,0.0,,1
loo_no_order,order,0.22,exploratory,0,568520,0,0.0,,1
loo_no_order,order,0.26,exploratory,0,568520,0,0.0,,1
loo_no_order,order,0.3,exploratory,0,568520,0,0.0,,1
loo_no_order,order,0.34,exploratory,0,568520,0,0.0,,1
loo_no_order,order,ALL,all,0,5685200,0,0.0,,1
loo_no_order,consistency,0.02,primary,1,568520,12943,0.022766,0.833333,0
loo_no_order,consistency,0.05,primary,1,568520,31083,0.054674,0.833333,0
loo_no_order,consistency,0.08,primary,1,568520,48079,0.084569,0.833333,0
loo_no_order,consistency,0.1,exploratory,1,568520,58504,0.102906,0.833333,0
loo_no_order,consistency,0.14,exploratory,1,568520,77585,0.136468,0.833333,0
loo_no_order,consistency,0.18,exploratory,1,568520,95069,0.167222,0.833333,0
loo_no_order,consistency,0.22,exploratory,1,568520,110764,0.194829,0.833333,0
loo_no_order,consistency,0.26,exploratory,1,568520,125018,0.219901,0.833333,0
loo_no_order,consistency,0.3,exploratory,1,568520,137549,0.241942,0.833333,0
loo_no_order,consistency,0.34,exploratory,1,568520,149286,0.262587,0.833333,0
loo_no_order,consistency,ALL,all,1,5685200,845880,0.148786,0.833333,0
loo_no_order,coordinate,0.02,primary,1,568520,0,0.0,,1
loo_no_order,coordinate,0.05,primary,1,568520,0,0.0,,1
loo_no_order,coordinate,0.08,primary,1,568520,0,0.0,,1
loo_no_order,coordinate,0.1,exploratory,1,568520,0,0.0,,1
loo_no_order,coordinate,0.14,exploratory,1,568520,0,0.0,,1
loo_no_order,coordinate,0.18,exploratory,1,568520,0,0.0,,1
loo_no_order,coordinate,0.22,exploratory,1,568520,0,0.0,,1
loo_no_order,coordinate,0.26,exploratory,1,568520,0,0.0,,1
loo_no_order,coordinate,0.3,exploratory,1,568520,0,0.0,,1
loo_no_order,coordinate,0.34,exploratory,1,568520,0,0.0,,1
loo_no_order,coordinate,ALL,all,1,5685200,0,0.0,,1
loo_no_consistency,legal_set,0.02,primary,1,568520,296,0.000521,0.5,0
loo_no_consistency,legal_set,0.05,primary,1,568520,473,0.000832,0.5,0
loo_no_consistency,legal_set,0.08,primary,1,568520,564,0.000992,0.5,0
loo_no_consistency,legal_set,0.1,exploratory,1,568520,600,0.001055,0.5,0
loo_no_consistency,legal_set,0.14,exploratory,1,568520,711,0.001251,0.5,0
loo_no_consistency,legal_set,0.18,exploratory,1,568520,809,0.001423,0.5,0
loo_no_consistency,legal_set,0.22,exploratory,1,568520,918,0.001615,0.5,0
loo_no_consistency,legal_set,0.26,exploratory,1,568520,1044,0.001836,0.5,0
loo_no_consistency,legal_set,0.3,exploratory,1,568520,1166,0.002051,0.5,0
loo_no_consistency,legal_set,0.34,exploratory,1,568520,1278,0.002248,0.5,0
loo_no_consistency,legal_set,ALL,all,1,5685200,7859,0.001382,0.5,0
loo_no_consistency,order,0.02,primary,1,568520,0,0.0,,1
loo_no_consistency,order,0.05,primary,1,568520,0,0.0,,1
loo_no_consistency,order,0.08,primary,1,568520,0,0.0,,1
loo_no_consistency,order,0.1,exploratory,1,568520,0,0.0,,1
loo_no_consistency,order,0.14,exploratory,1,568520,0,0.0,,1
loo_no_consistency,order,0.18,exploratory,1,568520,0,0.0,,1
loo_no_consistency,order,0.22,exploratory,1,568520,0,0.0,,1
loo_no_consistency,order,0.26,exploratory,1,568520,0,0.0,,1
loo_no_consistency,order,0.3,exploratory,1,568520,0,0.0,,1
loo_no_consistency,order,0.34,exploratory,1,568520,0,0.0,,1
loo_no_consistency,order,ALL,all,1,5685200,0,0.0,,1
loo_no_consistency,consistency,0.02,primary,0,568520,0,0.0,,0
loo_no_consistency,consistency,0.05,primary,0,568520,0,0.0,,0
loo_no_consistency,consistency,0.08,primary,0,568520,0,0.0,,0
loo_no_consistency,consistency,0.1,exploratory,0,568520,0,0.0,,0
loo_no_consistency,consistency,0.14,exploratory,0,568520,0,0.0,,0
loo_no_consistency,consistency,0.18,exploratory,0,568520,0,0.0,,0
loo_no_consistency,consistency,0.22,exploratory,0,568520,0,0.0,,0
loo_no_consistency,consistency,0.26,exploratory,0,568520,0,0.0,,0
loo_no_consistency,consistency,0.3,exploratory,0,568520,0,0.0,,0
loo_no_consistency,consistency,0.34,exploratory,0,568520,0,0.0,,0
loo_no_consistency,consistency,ALL,all,0,5685200,0,0.0,,0
loo_no_consistency,coordinate,0.02,primary,1,568520,0,0.0,,1
loo_no_consistency,coordinate,0.05,primary,1,568520,0,0.0,,1
loo_no_consistency,coordinate,0.08,primary,1,568520,0,0.0,,1
loo_no_consistency,coordinate,0.1,exploratory,1,568520,0,0.0,,1
loo_no_consistency,coordinate,0.14,exploratory,1,568520,0,0.0,,1
loo_no_consistency,coordinate,0.18,exploratory,1,568520,0,0.0,,1
loo_no_consistency,coordinate,0.22,exploratory,1,568520,0,0.0,,1
loo_no_consistency,coordinate,0.26,exploratory,1,568520,0,0.0,,1
loo_no_consistency,coordinate,0.3,exploratory,1,568520,0,0.0,,1
loo_no_consistency,coordinate,0.34,exploratory,1,568520,0,0.0,,1
loo_no_consistency,coordinate,ALL,all,1,5685200,0,0.0,,1
loo_no_coordinate,legal_set,0.02,primary,1,568520,1510,0.002656,0.5,0
loo_no_coordinate,legal_set,0.05,primary,1,568520,3546,0.006237,0.5,0
loo_no_coordinate,legal_set,0.08,primary,1,568520,5263,0.009257,0.5,0
loo_no_coordinate,legal_set,0.1,exploratory,1,568520,6210,0.010923,0.5,0
loo_no_coordinate,legal_set,0.14,exploratory,1,568520,7960,0.014001,0.5,0
loo_no_coordinate,legal_set,0.18,exploratory,1,568520,9451,0.016624,0.5,0
loo_no_coordinate,legal_set,0.22,exploratory,1,568520,10826,0.019042,0.5,0
loo_no_coordinate,legal_set,0.26,exploratory,1,568520,12075,0.021239,0.5,0
loo_no_coordinate,legal_set,0.3,exploratory,1,568520,13239,0.023287,0.5,0
loo_no_coordinate,legal_set,0.34,exploratory,1,568520,14292,0.025139,0.5,0
loo_no_coordinate,legal_set,ALL,all,1,5685200,84372,0.014841,0.5,0
loo_no_coordinate,order,0.02,primary,1,568520,0,0.0,,1
loo_no_coordinate,order,0.05,primary,1,568520,0,0.0,,1
loo_no_coordinate,order,0.08,primary,1,568520,0,0.0,,1
loo_no_coordinate,order,0.1,exploratory,1,568520,0,0.0,,1
loo_no_coordinate,order,0.14,exploratory,1,568520,0,0.0,,1
loo_no_coordinate,order,0.18,exploratory,1,568520,0,0.0,,1
loo_no_coordinate,order,0.22,exploratory,1,568520,0,0.0,,1
loo_no_coordinate,order,0.26,exploratory,1,568520,0,0.0,,1
loo_no_coordinate,order,0.3,exploratory,1,568520,0,0.0,,1
loo_no_coordinate,order,0.34,exploratory,1,568520,0,0.0,,1
loo_no_coordinate,order,ALL,all,1,5685200,0,0.0,,1
loo_no_coordinate,consistency,0.02,primary,1,568520,12943,0.022766,0.833333,0
loo_no_coordinate,consistency,0.05,primary,1,568520,31083,0.054674,0.833333,0
loo_no_coordinate,consistency,0.08,primary,1,568520,48079,0.084569,0.833333,0
loo_no_coordinate,consistency,0.1,exploratory,1,568520,58504,0.102906,0.833333,0
loo_no_coordinate,consistency,0.14,exploratory,1,568520,77585,0.136468,0.833333,0
loo_no_coordinate,consistency,0.18,exploratory,1,568520,95069,0.167222,0.833333,0
loo_no_coordinate,consistency,0.22,exploratory,1,568520,110764,0.194829,0.833333,0
loo_no_coordinate,consistency,0.26,exploratory,1,568520,125018,0.219901,0.833333,0
loo_no_coordinate,consistency,0.3,exploratory,1,568520,137549,0.241942,0.833333,0
loo_no_coordinate,consistency,0.34,exploratory,1,568520,149286,0.262587,0.833333,0
loo_no_coordinate,consistency,ALL,all,1,5685200,845880,0.148786,0.833333,0
loo_no_coordinate,coordinate,0.02,primary,0,568520,0,0.0,,1
loo_no_coordinate,coordinate,0.05,primary,0,568520,0,0.0,,1
loo_no_coordinate,coordinate,0.08,primary,0,568520,0,0.0,,1
loo_no_coordinate,coordinate,0.1,exploratory,0,568520,0,0.0,,1
loo_no_coordinate,coordinate,0.14,exploratory,0,568520,0,0.0,,1
loo_no_coordinate,coordinate,0.18,exploratory,0,568520,0,0.0,,1
loo_no_coordinate,coordinate,0.22,exploratory,0,568520,0,0.0,,1
loo_no_coordinate,coordinate,0.26,exploratory,0,568520,0,0.0,,1
loo_no_coordinate,coordinate,0.3,exploratory,0,568520,0,0.0,,1
loo_no_coordinate,coordinate,0.34,exploratory,0,568520,0,0.0,,1
loo_no_coordinate,coordinate,ALL,all,0,5685200,0,0.0,,1
full,legal_set,0.02,primary,1,568520,1510,0.002656,0.5,0
full,legal_set,0.05,primary,1,568520,3546,0.006237,0.5,0
full,legal_set,0.08,primary,1,568520,5263,0.009257,0.5,0
full,legal_set,0.1,exploratory,1,568520,6210,0.010923,0.5,0
full,legal_set,0.14,exploratory,1,568520,7960,0.014001,0.5,0
full,legal_set,0.18,exploratory,1,568520,9451,0.016624,0.5,0
full,legal_set,0.22,exploratory,1,568520,10826,0.019042,0.5,0
full,legal_set,0.26,exploratory,1,568520,12075,0.021239,0.5,0
full,legal_set,0.3,exploratory,1,568520,13239,0.023287,0.5,0
full,legal_set,0.34,exploratory,1,568520,14292,0.025139,0.5,0
full,legal_set,ALL,all,1,5685200,84372,0.014841,0.5,0
full,order,0.02,primary,1,568520,0,0.0,,1
full,order,0.05,primary,1,568520,0,0.0,,1
full,order,0.08,primary,1,568520,0,0.0,,1
full,order,0.1,exploratory,1,568520,0,0.0,,1
full,order,0.14,exploratory,1,568520,0,0.0,,1
full,order,0.18,exploratory,1,568520,0,0.0,,1
full,order,0.22,exploratory,1,568520,0,0.0,,1
full,order,0.26,exploratory,1,568520,0,0.0,,1
full,order,0.3,exploratory,1,568520,0,0.0,,1
full,order,0.34,exploratory,1,568520,0,0.0,,1
full,order,ALL,all,1,5685200,0,0.0,,1
full,consistency,0.02,primary,1,568520,12943,0.022766,0.833333,0
full,consistency,0.05,primary,1,568520,31083,0.054674,0.833333,0
full,consistency,0.08,primary,1,568520,48079,0.084569,0.833333,0
full,consistency,0.1,exploratory,1,568520,58504,0.102906,0.833333,0
full,consistency,0.14,exploratory,1,568520,77585,0.136468,0.833333,0
full,consistency,0.18,exploratory,1,568520,95069,0.167222,0.833333,0
full,consistency,0.22,exploratory,1,568520,110764,0.194829,0.833333,0
full,consistency,0.26,exploratory,1,568520,125018,0.219901,0.833333,0
full,consistency,0.3,exploratory,1,568520,137549,0.241942,0.833333,0
full,consistency,0.34,exploratory,1,568520,149286,0.262587,0.833333,0
full,consistency,ALL,all,1,5685200,845880,0.148786,0.833333,0
full,coordinate,0.02,primary,1,568520,0,0.0,,1
full,coordinate,0.05,primary,1,568520,0,0.0,,1
full,coordinate,0.08,primary,1,568520,0,0.0,,1
full,coordinate,0.1,exploratory,1,568520,0,0.0,,1
full,coordinate,0.14,exploratory,1,568520,0,0.0,,1
full,coordinate,0.18,exploratory,1,568520,0,0.0,,1
full,coordinate,0.22,exploratory,1,568520,0,0.0,,1
full,coordinate,0.26,exploratory,1,568520,0,0.0,,1
full,coordinate,0.3,exploratory,1,568520,0,0.0,,1
full,coordinate,0.34,exploratory,1,568520,0,0.0,,1
full,coordinate,ALL,all,1,5685200,0,0.0,,1
