condition,complexity_label,epsilon,grid,n_runs,success_rate,n_fail,mean_fail_step_ratio_failed,median_fail_step_ratio_failed,mean_fail_step_ratio_all,mean_mismatch_rate,mean_repaired_events,mean_attempts,n_steps,trig_legal_set,trig_rate_legal_set,trig_order,trig_rate_order,trig_consistency,trig_rate_consistency,trig_coordinate,trig_rate_coordinate
full,high,0.02,primary,4000,0.82375,705,1.0,1.0,1.0,0.027786,1.88175,74.19,296760,747,0.002517,0,0.0,6780,0.022847,0,0.0
full,high,0.05,primary,4000,0.66875,1325,1.0,1.0,1.0,0.066859,4.474,74.19,296760,1700,0.005729,0,0.0,16196,0.054576,0,0.0
full,high,0.08,primary,4000,0.569,1724,1.0,1.0,1.0,0.105817,6.90375,74.19,296760,2470,0.008323,0,0.0,25145,0.084732,0,0.0
full,high,0.1,exploratory,4000,0.52975,1881,1.0,1.0,1.0,0.130697,8.40625,74.19,296760,2898,0.009765,0,0.0,30727,0.103542,0,0.0
full,high,0.14,exploratory,4000,0.4605,2158,1.0,1.0,1.0,0.178298,11.102,74.19,296760,3679,0.012397,0,0.0,40729,0.137246,0,0.0
full,high,0.18,exploratory,4000,0.4185,2326,1.0,1.0,1.0,0.223603,13.562,74.19,296760,4334,0.014604,0,0.0,49914,0.168197,0,0.0
full,high,0.22,exploratory,4000,0.382,2472,1.0,1.0,1.0,0.268135,15.79875,74.19,296760,4935,0.01663,0,0.0,58260,0.19632,0,0.0
full,high,0.26,exploratory,4000,0.35275,2589,1.0,1.0,1.0,0.311735,17.826,74.19,296760,5434,0.018311,0,0.0,65870,0.221964,0,0.0
full,high,0.3,exploratory,4000,0.332,2672,1.0,1.0,1.0,0.351954,19.587,74.19,296760,5928,0.019976,0,0.0,72420,0.244036,0,0.0
full,high,0.34,exploratory,4000,0.31225,2751,1.0,1.0,1.0,0.392524,21.253,74.19,296760,6410,0.0216,0,0.0,78602,0.264867,0,0.0
full,low,0.02,primary,4000,0.926,296,1.0,1.0,1.0,0.028219,0.694,26.58,106320,336,0.00316,0,0.0,2440,0.02295,0,0.0
full,low,0.05,primary,4000,0.8275,690,1.0,1.0,1.0,0.067948,1.6455,26.58,106320,767,0.007214,0,0.0,5815,0.054693,0,0.0
full,low,0.08,primary,4000,0.7505,998,1.0,1.0,1.0,0.10622,2.515,26.58,106320,1179,0.011089,0,0.0,8881,0.083531,0,0.0
full,low,0.1,exploratory,4000,0.712,1152,1.0,1.0,1.0,0.129495,3.0295,26.58,106320,1380,0.01298,0,0.0,10738,0.100997,0,0.0
full,low,0.14,exploratory,4000,0.6495,1402,1.0,1.0,1.0,0.176593,4.04125,26.58,106320,1808,0.017005,0,0.0,14357,0.135036,0,0.0
full,low,0.18,exploratory,4000,0.6005,1598,1.0,1.0,1.0,0.222887,4.963,26.58,106320,2193,0.020626,0,0.0,17659,0.166093,0,0.0
full,low,0.22,exploratory,4000,0.55475,1781,1.0,1.0,1.0,0.267096,5.77,26.58,106320,2523,0.02373,0,0.0,20557,0.19335,0,0.0
full,low,0.26,exploratory,4000,0.52075,1917,1.0,1.0,1.0,0.30804,6.51225,26.58,106320,2874,0.027032,0,0.0,23175,0.217974,0,0.0
full,low,0.3,exploratory,4000,0.49675,2013,1.0,1.0,1.0,0.347607,7.1575,26.58,106320,3155,0.029675,0,0.0,25475,0.239607,0,0.0
full,low,0.34,exploratory,4000,0.472,2112,1.0,1.0,1.0,0.387842,7.747,26.58,106320,3411,0.032082,0,0.0,27577,0.259377,0,0.0
full,medium,0.02,primary,4000,0.8845,462,1.0,1.0,1.0,0.027055,1.0375,41.36,165440,427,0.002581,0,0.0,3723,0.022504,0,0.0
full,medium,0.05,primary,4000,0.7615,954,1.0,1.0,1.0,0.068683,2.53775,41.36,165440,1079,0.006522,0,0.0,9072,0.054836,0,0.0
full,medium,0.08,primary,4000,0.6745,1302,1.0,1.0,1.0,0.108598,3.91675,41.36,165440,1614,0.009756,0,0.0,14053,0.084943,0,0.0
full,medium,0.1,exploratory,4000,0.63025,1479,1.0,1.0,1.0,0.13351,4.74275,41.36,165440,1932,0.011678,0,0.0,17039,0.102992,0,0.0
full,medium,0.14,exploratory,4000,0.5725,1710,1.0,1.0,1.0,0.180592,6.243,41.36,165440,2473,0.014948,0,0.0,22499,0.135995,0,0.0
full,medium,0.18,exploratory,4000,0.5215,1914,1.0,1.0,1.0,0.225961,7.605,41.36,165440,2924,0.017674,0,0.0,27496,0.166199,0,0.0
full,medium,0.22,exploratory,4000,0.478,2088,1.0,1.0,1.0,0.269472,8.82875,41.36,165440,3368,0.020358,0,0.0,31947,0.193103,0,0.0
full,medium,0.26,exploratory,4000,0.45225,2191,1.0,1.0,1.0,0.311808,9.935,41.36,165440,3767,0.02277,0,0.0,35973,0.217438,0,0.0
full,medium,0.3,exploratory,4000,0.4175,2330,1.0,1.0,1.0,0.353041,10.9525,41.36,165440,4156,0.025121,0,0.0,39654,0.239688,0,0.0
full,medium,0.34,exploratory,4000,0.39925,2403,1.0,1.0,1.0,0.392677,11.8945,41.36,165440,4471,0.027025,0,0.0,43107,0.26056,0,0.0
loo_no_consistency,high,0.02,primary,4000,0.2665,2934,0.430277,0.379655,0.582108,0.005811,0.02975,40.9725,296760,119,0.000401,0,0.0,0,0.0,0,0.0
loo_no_consistency,high,0.05,primary,4000,0.04525,3819,0.301422,0.227273,0.333033,0.008398,0.04,22.6818,296760,160,0.000539,0,0.0,0,0.0,0,0.0
loo_no_consistency,high,0.08,primary,4000,0.00875,3965,0.220185,0.157895,0.227009,0.009463,0.046,15.3275,296760,184,0.00062,0,0.0,0,0.0,0,0.0
loo_no_consistency,high,0.1,exploratory,4000,0.00375,3985,0.185741,0.138889,0.188794,0.009786,0.044,12.739,296760,176,0.000593,0,0.0,0,0.0,0,0.0
loo_no_consistency,high,0.14,exploratory,4000,0.0005,3998,0.145404,0.11,0.145831,0.011131,0.0545,9.845,296760,218,0.000735,0,0.0,0,0.0,0,0.0
loo_no_consistency,high,0.18,exploratory,4000,0.0,4000,0.122748,0.095238,0.122748,0.012156,0.05975,8.3027,296760,239,0.000805,0,0.0,0,0.0,0,0.0
loo_no_consistency,high,0.22,exploratory,4000,0.0,4000,0.106478,0.083333,0.106478,0.013042,0.06875,7.2188,296760,275,0.000927,0,0.0,0,0.0,0,0.0
loo_no_consistency,high,0.26,exploratory,4000,0.0,4000,0.095768,0.076923,0.095768,0.014226,0.079,6.4958,296760,316,0.001065,0,0.0,0,0.0,0,0.0
loo_no_consistency,high,0.3,exploratory,4000,0.0,4000,0.088502,0.071429,0.088502,0.015696,0.09125,6.0062,296760,365,0.00123,0,0.0,0,0.0,0,0.0
loo_no_consistency,high,0.34,exploratory,4000,0.0,4000,0.082636,0.068966,0.082636,0.016898,0.10275,5.587,296760,411,0.001385,0,0.0,0,0.0,0,0.0
loo_no_consistency,low,0.02,primary,4000,0.5965,1614,0.551043,0.5,0.818846,0.008523,0.02275,21.4593,106320,91,0.000856,0,0.0,0,0.0,0,0.0
loo_no_consistency,low,0.05,primary,4000,0.28225,2871,0.48312,0.423077,0.629009,0.016345,0.038,16.1898,106320,152,0.00143,0,0.0,0,0.0,0,0.0
loo_no_consistency,low,0.08,primary,4000,0.1365,3454,0.427511,0.375,0.505656,0.021179,0.05175,12.893,106320,207,0.001947,0,0.0,0,0.0,0,0.0
loo_no_consistency,low,0.1,exploratory,4000,0.08425,3663,0.4001,0.333333,0.450642,0.023671,0.0565,11.411,106320,226,0.002126,0,0.0,0,0.0,0,0.0
loo_no_consistency,low,0.14,exploratory,4000,0.03275,3869,0.348446,0.285714,0.369784,0.02727,0.06575,9.3262,106320,263,0.002474,0,0.0,0,0.0,0,0.0
loo_no_consistency,low,0.18,exploratory,4000,0.01025,3959,0.30482,0.25,0.311946,0.030476,0.0755,7.8528,106320,302,0.00284,0,0.0,0,0.0,0,0.0
loo_no_consistency,low,0.22,exploratory,4000,0.00375,3985,0.271072,0.214286,0.273806,0.033832,0.08175,6.8857,106320,327,0.003076,0,0.0,0,0.0,0,0.0
loo_no_consistency,low,0.26,exploratory,4000,0.0015,3994,0.247512,0.210526,0.24864,0.036786,0.09325,6.2443,106320,373,0.003508,0,0.0,0,0.0,0,0.0
loo_no_consistency,low,0.3,exploratory,4000,0.0005,3998,0.228463,0.2,0.228849,0.039871,0.1,5.7415,106320,400,0.003762,0,0.0,0,0.0,0,0.0
loo_no_consistency,low,0.34,exploratory,4000,0.0,4000,0.213153,0.181818,0.213153,0.04287,0.10975,5.3513,106320,439,0.004129,0,0.0,0,0.0,0,0.0
loo_no_consistency,medium,0.02,primary,4000,0.46525,2139,0.507286,0.472222,0.736521,0.007288,0.0215,29.6668,165440,86,0.00052,0,0.0,0,0.0,0,0.0
loo_no_consistency,medium,0.05,primary,4000,0.148,3408,0.411096,0.34375,0.498254,0.013152,0.04025,19.6258,165440,161,0.000973,0,0.0,0,0.0,0,0.0
loo_no_consistency,medium,0.08,primary,4000,0.0495,3802,0.344336,0.272727,0.376791,0.016077,0.04325,14.678,165440,173,0.001046,0,0.0,0,0.0,0,0.0
loo_no_consistency,medium,0.1,exploratory,4000,0.02625,3895,0.306326,0.23913,0.324535,0.017713,0.0495,12.602,165440,198,0.001197,0,0.0,0,0.0,0,0.0
loo_no_consistency,medium,0.14,exploratory,4000,0.00875,3965,0.249616,0.194444,0.256182,0.020188,0.0575,9.8758,165440,230,0.00139,0,0.0,0,0.0,0,0.0
loo_no_consistency,medium,0.18,exploratory,4000,0.00275,3989,0.211705,0.166667,0.213873,0.022091,0.067,8.218,165440,268,0.00162,0,0.0,0,0.0,0,0.0
loo_no_consistency,medium,0.22,exploratory,4000,0.00125,3995,0.185777,0.15,0.186794,0.024015,0.079,7.1635,165440,316,0.00191,0,0.0,0,0.0,0,0.0
loo_no_consistency,medium,0.26,exploratory,4000,0.0,4000,0.168717,0.136364,0.168717,0.025957,0.08875,6.4822,165440,355,0.002146,0,0.0,0,0.0,0,0.0
loo_no_consistency,medium,0.3,exploratory,4000,0.0,4000,0.15569,0.130435,0.15569,0.028095,0.10025,5.9828,165440,401,0.002424,0,0.0,0,0.0,0,0.0
loo_no_consistency,medium,0.34,exploratory,4000,0.0,4000,0.145237,0.125,0.145237,0.030044,0.107,5.576,165440,428,0.002587,0,0.0,0,0.0,0,0.0
loo_no_coordinate,high,0.02,primary,4000,0.82375,705,1.0,1.0,1.0,0.027786,1.88175,74.19,296760,747,0.002517,0,0.0,6780,0.022847,0,0.0
loo_no_coordinate,high,0.05,primary,4000,0.66875,1325,1.0,1.0,1.0,0.066859,4.474,74.19,296760,1700,0.005729,0,0.0,16196,0.054576,0,0.0
loo_no_coordinate,high,0.08,primary,4000,0.569,1724,1.0,1.0,1.0,0.105817,6.90375,74.19,296760,2470,0.008323,0,0.0,25145,0.084732,0,0.0
loo_no_coordinate,high,0.1,exploratory,4000,0.52975,1881,1.0,1.0,1.0,0.130697,8.40625,74.19,296760,2898,0.009765,0,0.0,30727,0.103542,0,0.0
loo_no_coordinate,high,0.14,exploratory,4000,0.4605,2158,1.0,1.0,1.0,0.178298,11.102,74.19,296760,3679,0.012397,0,0.0,40729,0.137246,0,0.0
loo_no_coordinate,high,0.18,exploratory,4000,0.4185,2326,1.0,1.0,1.0,0.223603,13.562,74.19,296760,4334,0.014604,0,0.0,49914,0.168197,0,0.0
loo_no_coordinate,high,0.22,exploratory,4000,0.382,2472,1.0,1.0,1.0,0.268135,15.79875,74.19,296760,4935,0.01663,0,0.0,58260,0.19632,0,0.0
loo_no_coordinate,high,0.26,exploratory,4000,0.35275,2589,1.0,1.0,1.0,0.311735,17.826,74.19,296760,5434,0.018311,0,0.0,65870,0.221964,0,0.0
loo_no_coordinate,high,0.3,exploratory,4000,0.332,2672,1.0,1.0,1.0,0.351954,19.587,74.19,296760,5928,0.019976,0,0.0,72420,0.244036,0,0.0
loo_no_coordinate,high,0.34,exploratory,4000,0.31225,2751,1.0,1.0,1.0,0.392524,21.253,74.19,296760,6410,0.0216,0,0.0,78602,0.264867,0,0.0
loo_no_coordinate,low,0.02,primary,4000,0.926,296,1.0,1.0,1.0,0.028219,0.694,26.58,106320,336,0.00316,0,0.0,2440,0.02295,0,0.0
loo_no_coordinate,low,0.05,primary,4000,0.8275,690,1.0,1.0,1.0,0.067948,1.6455,26.58,106320,767,0.007214,0,0.0,5815,0.054693,0,0.0
loo_no_coordinate,low,0.08,primary,4000,0.7505,998,1.0,1.0,1.0,0.10622,2.515,26.58,106320,1179,0.011089,0,0.0,8881,0.083531,0,0.0
loo_no_coordinate,low,0.1,exploratory,4000,0.712,1152,1.0,1.0,1.0,0.129495,3.0295,26.58,106320,1380,0.01298,0,0.0,10738,0.100997,0,0.0
loo_no_coordinate,low,0.14,exploratory,4000,0.6495,1402,1.0,1.0,1.0,0.176593,4.04125,26.58,106320,1808,0.017005,0,0.0,14357,0.135036,0,0.0
loo_no_coordinate,low,0.18,exploratory,4000,0.6005,1598,1.0,1.0,1.0,0.222887,4.963,26.58,106320,2193,0.020626,0,0.0,17659,0.166093,0,0.0
loo_no_coordinate,low,0.22,exploratory,4000,0.55475,1781,1.0,1.0,1.0,0.267096,5.77,26.58,106320,2523,0.02373,0,0.0,20557,0.19335,0,0.0
loo_no_coordinate,low,0.26,exploratory,4000,0.52075,1917,1.0,1.0,1.0,0.30804,6.51225,26.58,106320,2874,0.027032,0,0.0,23175,0.217974,0,0.0
loo_no_coordinate,low,0.3,exploratory,4000,0.49675,2013,1.0,1.0,1.0,0.347607,7.1575,26.58,106320,3155,0.029675,0,0.0,25475,0.239607,0,0.0
loo_no_coordinate,low,0.34,exploratory,4000,0.472,2112,1.0,1.0,1.0,0.387842,7.747,26.58,106320,3411,0.032082,0,0.0,27577,0.259377,0,0.0
loo_no_coordinate,medium,0.02,primary,4000,0.8845,462,1.0,1.0,1.0,0.027055,1.0375,41.36,165440,427,0.002581,0,0.0,3723,0.022504,0,0.0
loo_no_coordinate,medium,0.05,primary,4000,0.7615,954,1.0,1.0,1.0,0.068683,2.53775,41.36,165440,1079,0.006522,0,0.0,9072,0.054836,0,0.0
loo_no_coordinate,medium,0.08,primary,4000,0.6745,1302,1.0,1.0,1.0,0.108598,3.91675,41.36,165440,1614,0.009756,0,0.0,14053,0.084943,0,0.0
loo_no_coordinate,medium,0.1,exploratory,4000,0.63025,1479,1.0,1.0,1.0,0.13351,4.74275,41.36,165440,1932,0.011678,0,0.0,17039,0.102992,0,0.0
loo_no_coordinate,medium,0.14,exploratory,4000,0.5725,1710,1.0,1.0,1.0,0.180592,6.243,41.36,165440,2473,0.014948,0,0.0,22499,0.135995,0,0.0
loo_no_coordinate,medium,0.18,exploratory,4000,0.5215,1914,1.0,1.0,1.0,0.225961,7.605,41.36,165440,2924,0.017674,0,0.0,27496,0.166199,0,0.0
loo_no_coordinate,medium,0.22,exploratory,4000,0.478,2088,1.0,1.0,1.0,0.269472,8.82875,41.36,165440,3368,0.020358,0,0.0,31947,0.193103,0,0.0
loo_no_coordinate,medium,0.26,exploratory,4000,0.45225,2191,1.0,1.0,1.0,0.311808,9.935,41.36,165440,3767,0.02277,0,0.0,35973,0.217438,0,0.0
loo_no_coordinate,medium,0.3,exploratory,4000,0.4175,2330,1.0,1.0,1.0,0.353041,10.9525,41.36,165440,4156,0.025121,0,0.0,39654,0.239688,0,0.0
loo_no_coordinate,medium,0.34,exploratory,4000,0.39925,2403,1.0,1.0,1.0,0.392677,11.8945,41.36,165440,4471,0.027025,0,0.0,43107,0.26056,0,0.0
loo_no_legal_set,high,0.02,primary,4000,0.672,1312,0.749069,0.981071,0.917695,0.022336,1.434,67.4968,296760,0,0.0,0,0.0,5736,0.019329,0,0.0
loo_no_legal_set,high,0.05,primary,4000,0.40825,2367,0.702722,0.893939,0.824086,0.049049,3.08225,60.188,296760,0,0.0,0,0.0,12329,0.041545,0,0.0
loo_no_legal_set,high,0.08,primary,4000,0.27425,2903,0.657112,0.757143,0.751149,0.071869,4.3815,54.5603,296760,0,0.0,0,0.0,17526,0.059058,0,0.0
loo_no_legal_set,high,0.1,exploratory,4000,0.22275,3109,0.637871,0.712121,0.718536,0.085836,5.168,52.144,296760,0,0.0,0,0.0,20672,0.069659,0,0.0
loo_no_legal_set,high,0.14,exploratory,4000,0.148,3408,0.599968,0.603448,0.659172,0.109142,6.324,47.7163,296760,0,0.0,0,0.0,25296,0.085241,0,0.0
loo_no_legal_set,high,0.18,exploratory,4000,0.109,3564,0.569464,0.534091,0.616392,0.129642,7.29825,44.4862,296760,0,0.0,0,0.0,29193,0.098372,0,0.0
loo_no_legal_set,high,0.22,exploratory,4000,0.0885,3646,0.544101,0.464286,0.584448,0.148653,8.10425,42.1373,296760,0,0.0,0,0.0,32417,0.109236,0,0.0
loo_no_legal_set,high,0.26,exploratory,4000,0.07375,3705,0.523264,0.406977,0.558423,0.165987,8.758,40.2578,296760,0,0.0,0,0.0,35032,0.118048,0,0.0
loo_no_legal_set,high,0.3,exploratory,4000,0.06025,3759,0.503015,0.369565,0.532958,0.179911,9.19175,38.3402,296760,0,0.0,0,0.0,36767,0.123895,0,0.0
loo_no_legal_set,high,0.34,exploratory,4000,0.0515,3794,0.483217,0.339286,0.509831,0.193501,9.58875,36.7302,296760,0,0.0,0,0.0,38355,0.129246,0,0.0
loo_no_legal_set,low,0.02,primary,4000,0.84975,601,0.778276,0.9375,0.966686,0.02341,0.5385,25.6532,106320,0,0.0,0,0.0,2154,0.02026,0,0.0
loo_no_legal_set,low,0.05,primary,4000,0.67025,1319,0.762935,0.931818,0.921828,0.054336,1.2285,24.389,106320,0,0.0,0,0.0,4914,0.046219,0,0.0
loo_no_legal_set,low,0.08,primary,4000,0.5295,1882,0.742582,0.916667,0.878885,0.082194,1.80575,23.2425,106320,0,0.0,0,0.0,7223,0.067936,0,0.0
loo_no_legal_set,low,0.1,exploratory,4000,0.47175,2113,0.732605,0.9,0.858749,0.098457,2.145,22.7018,106320,0,0.0,0,0.0,8580,0.0807,0,0.0
loo_no_legal_set,low,0.14,exploratory,4000,0.3695,2522,0.707363,0.892857,0.815492,0.129263,2.74325,21.5302,106320,0,0.0,0,0.0,10973,0.103207,0,0.0
loo_no_legal_set,low,0.18,exploratory,4000,0.2955,2818,0.68442,0.869318,0.777674,0.158883,3.26225,20.5272,106320,0,0.0,0,0.0,13049,0.122733,0,0.0
loo_no_legal_set,low,0.22,exploratory,4000,0.243,3028,0.67289,0.85,0.752378,0.186237,3.69275,19.8433,106320,0,0.0,0,0.0,14771,0.13893,0,0.0
loo_no_legal_set,low,0.26,exploratory,4000,0.201,3196,0.65377,0.75,0.723362,0.207787,4.00525,19.0825,106320,0,0.0,0,0.0,16021,0.150687,0,0.0
loo_no_legal_set,low,0.3,exploratory,4000,0.1765,3294,0.635076,0.657895,0.699485,0.229118,4.26975,18.4292,106320,0,0.0,0,0.0,17079,0.160638,0,0.0
loo_no_legal_set,low,0.34,exploratory,4000,0.15575,3377,0.618128,0.590909,0.677605,0.24871,4.48425,17.8682,106320,0,0.0,0,0.0,17937,0.168708,0,0.0
loo_no_legal_set,medium,0.02,primary,4000,0.79,840,0.796999,1.0,0.95737,0.022353,0.814,39.4918,165440,0,0.0,0,0.0,3256,0.019681,0,0.0
loo_no_legal_set,medium,0.05,primary,4000,0.558,1768,0.746099,0.946429,0.887776,0.053862,1.85675,36.4295,165440,0,0.0,0,0.0,7427,0.044892,0,0.0
loo_no_legal_set,medium,0.08,primary,4000,0.42,2320,0.722798,0.931818,0.839223,0.081147,2.72475,34.2803,165440,0,0.0,0,0.0,10899,0.065879,0,0.0
loo_no_legal_set,medium,0.1,exploratory,4000,0.353,2588,0.708871,0.916667,0.81164,0.097111,3.20075,33.0823,165440,0,0.0,0,0.0,12803,0.077388,0,0.0
loo_no_legal_set,medium,0.14,exploratory,4000,0.2715,2914,0.679039,0.814145,0.76618,0.125851,4.02475,31.1225,165440,0,0.0,0,0.0,16099,0.09731,0,0.0
loo_no_legal_set,medium,0.18,exploratory,4000,0.21775,3129,0.648433,0.711538,0.724987,0.152176,4.72575,29.4163,165440,0,0.0,0,0.0,18903,0.114259,0,0.0
loo_no_legal_set,medium,0.22,exploratory,4000,0.172,3312,0.626926,0.659091,0.691095,0.174813,5.24775,27.962,165440,0,0.0,0,0.0,20991,0.12688,0,0.0
loo_no_legal_set,medium,0.26,exploratory,4000,0.149,3404,0.605561,0.605263,0.664333,0.195093,5.685,26.855,165440,0,0.0,0,0.0,22740,0.137452,0,0.0
loo_no_legal_set,medium,0.3,exploratory,4000,0.1195,3522,0.585488,0.576923,0.635022,0.212818,6.0195,25.681,165440,0,0.0,0,0.0,24078,0.145539,0,0.0
loo_no_legal_set,medium,0.34,exploratory,4000,0.104,3584,0.573882,0.543478,0.618198,0.232267,6.37625,24.9295,165440,0,0.0,0,0.0,25505,0.154165,0,0.0
loo_no_order,high,0.02,primary,4000,0.82375,705,1.0,1.0,1.0,0.027786,1.88175,74.19,296760,747,0.002517,0,0.0,6780,0.022847,0,0.0
loo_no_order,high,0.05,primary,4000,0.66875,1325,1.0,1.0,1.0,0.066859,4.474,74.19,296760,1700,0.005729,0,0.0,16196,0.054576,0,0.0
loo_no_order,high,0.08,primary,4000,0.569,1724,1.0,1.0,1.0,0.105817,6.90375,74.19,296760,2470,0.008323,0,0.0,25145,0.084732,0,0.0
loo_no_order,high,0.1,exploratory,4000,0.52975,1881,1.0,1.0,1.0,0.130697,8.40625,74.19,296760,2898,0.009765,0,0.0,30727,0.103542,0,0.0
loo_no_order,high,0.14,exploratory,4000,0.4605,2158,1.0,1.0,1.0,0.178298,11.102,74.19,296760,3679,0.012397,0,0.0,40729,0.137246,0,0.0
loo_no_order,high,0.18,exploratory,4000,0.4185,2326,1.0,1.0,1.0,0.223603,13.562,74.19,296760,4334,0.014604,0,0.0,49914,0.168197,0,0.0
loo_no_order,high,0.22,exploratory,4000,0.382,2472,1.0,1.0,1.0,0.268135,15.79875,74.19,296760,4935,0.01663,0,0.0,58260,0.19632,0,0.0
loo_no_order,high,0.26,exploratory,4000,0.35275,2589,1.0,1.0,1.0,0.311735,17.826,74.19,296760,5434,0.018311,0,0.0,65870,0.221964,0,0.0
loo_no_order,high,0.3,exploratory,4000,0.332,2672,1.0,1.0,1.0,0.351954,19.587,74.19,296760,5928,0.019976,0,0.0,72420,0.244036,0,0.0
loo_no_order,high,0.34,exploratory,4000,0.31225,2751,1.0,1.0,1.0,0.392524,21.253,74.19,296760,6410,0.0216,0,0.0,78602,0.264867,0,0.0
loo_no_order,low,0.02,primary,4000,0.926,296,1.0,1.0,1.0,0.028219,0.694,26.58,106320,336,0.00316,0,0.0,2440,0.02295,0,0.0
loo_no_order,low,0.05,primary,4000,0.8275,690,1.0,1.0,1.0,0.067948,1.6455,26.58,106320,767,0.007214,0,0.0,5815,0.054693,0,0.0
loo_no_order,low,0.08,primary,4000,0.7505,998,1.0,1.0,1.0,0.10622,2.515,26.58,106320,1179,0.011089,0,0.0,8881,0.083531,0,0.0
loo_no_order,low,0.1,exploratory,4000,0.712,1152,1.0,1.0,1.0,0.129495,3.0295,26.58,106320,1380,0.01298,0,0.0,10738,0.100997,0,0.0
loo_no_order,low,0.14,exploratory,4000,0.6495,1402,1.0,1.0,1.0,0.176593,4.04125,26.58,106320,1808,0.017005,0,0.0,14357,0.135036,0,0.0
loo_no_order,low,0.18,exploratory,4000,0.6005,1598,1.0,1.0,1.0,0.222887,4.963,26.58,106320,2193,0.020626,0,0.0,17659,0.166093,0,0.0
loo_no_order,low,0.22,exploratory,4000,0.55475,1781,1.0,1.0,1.0,0.267096,5.77,26.58,106320,2523,0.02373,0,0.0,20557,0.19335,0,0.0
loo_no_order,low,0.26,exploratory,4000,0.52075,1917,1.0,1.0,1.0,0.30804,6.51225,26.58,106320,2874,0.027032,0,0.0,23175,0.217974,0,0.0
loo_no_order,low,0.3,exploratory,4000,0.49675,2013,1.0,1.0,1.0,0.347607,7.1575,26.58,106320,3155,0.029675,0,0.0,25475,0.239607,0,0.0
loo_no_order,low,0.34,exploratory,4000,0.472,2112,1.0,1.0,1.0,0.387842,7.747,26.58,106320,3411,0.032082,0,0.0,27577,0.259377,0,0.0
loo_no_order,medium,0.02,primary,4000,0.8845,462,1.0,1.0,1.0,0.027055,1.0375,41.36,165440,427,0.002581,0,0.0,3723,0.022504,0,0.0
loo_no_order,medium,0.05,primary,4000,0.7615,954,1.0,1.0,1.0,0.068683,2.53775,41.36,165440,1079,0.006522,0,0.0,9072,0.054836,0,0.0
loo_no_order,medium,0.08,primary,4000,0.6745,1302,1.0,1.0,1.0,0.108598,3.91675,41.36,165440,1614,0.009756,0,0.0,14053,0.084943,0,0.0
loo_no_order,medium,0.1,exploratory,4000,0.63025,1479,1.0,1.0,1.0,0.13351,4.74275,41.36,165440,1932,0.011678,0,0.0,17039,0.102992,0,0.0
loo_no_order,medium,0.14,exploratory,4000,0.5725,1710,1.0,1.0,1.0,0.180592,6.243,41.36,165440,2473,0.014948,0,0.0,22499,0.135995,0,0.0
loo_no_order,medium,0.18,exploratory,4000,0.5215,1914,1.0,1.0,1.0,0.225961,7.605,41.36,165440,2924,0.017674,0,0.0,27496,0.166199,0,0.0
loo_no_order,medium,0.22,exploratory,4000,0.478,2088,1.0,1.0,1.0,0.269472,8.82875,41.36,165440,3368,0.020358,0,0.0,31947,0.193103,0,0.0
loo_no_order,medium,0.26,exploratory,4000,0.45225,2191,1.0,1.0,1.0,0.311808,9.935,41.36,165440,3767,0.02277,0,0.0,35973,0.217438,0,0.0
loo_no_order,medium,0.3,exploratory,4000,0.4175,2330,1.0,1.0,1.0,0.353041,10.9525,41.36,165440,4156,0.025121,0,0.0,39654,0.239688,0,0.0
loo_no_order,medium,0.34,exploratory,4000,0.39925,2403,1.0,1.0,1.0,0.392677,11.8945,41.36,165440,4471,0.027025,0,0.0,43107,0.26056,0,0.0
no_rules,high,0.02,primary,4000,0.25125,2995,0.425368,0.371429,0.569744,0.00571,0.0,40.0645,296760,0,0.0,0,0.0,0,0.0,0,0.0
no_rules,high,0.05,primary,4000,0.04025,3839,0.293523,0.220588,0.321959,0.008107,0.0,21.968,296760,0,0.0,0,0.0,0,0.0,0,0.0
no_rules,high,0.08,primary,4000,0.0075,3970,0.211041,0.153846,0.216958,0.009031,0.0,14.689,296760,0,0.0,0,0.0,0,0.0,0,0.0
no_rules,high,0.1,exploratory,4000,0.003,3988,0.178238,0.13374,0.180703,0.009367,0.0,12.2157,296760,0,0.0,0,0.0,0,0.0,0,0.0
no_rules,high,0.14,exploratory,4000,0.00025,3999,0.1385,0.105263,0.138715,0.010577,0.0,9.3727,296760,0,0.0,0,0.0,0,0.0,0,0.0
no_rules,high,0.18,exploratory,4000,0.0,4000,0.116478,0.089286,0.116478,0.0115,0.0,7.8845,296760,0,0.0,0,0.0,0,0.0,0,0.0
no_rules,high,0.22,exploratory,4000,0.0,4000,0.099886,0.078947,0.099886,0.012211,0.0,6.775,296760,0,0.0,0,0.0,0,0.0,0,0.0
no_rules,high,0.26,exploratory,4000,0.0,4000,0.08939,0.071429,0.08939,0.01331,0.0,6.0728,296760,0,0.0,0,0.0,0,0.0,0,0.0
no_rules,high,0.3,exploratory,4000,0.0,4000,0.081746,0.068182,0.081746,0.014529,0.0,5.5587,296760,0,0.0,0,0.0,0,0.0,0,0.0
no_rules,high,0.34,exploratory,4000,0.0,4000,0.075623,0.063492,0.075623,0.01546,0.0,5.1227,296760,0,0.0,0,0.0,0,0.0,0,0.0
no_rules,low,0.02,primary,4000,0.57875,1685,0.544605,0.5,0.808165,0.008414,0.0,21.1785,106320,0,0.0,0,0.0,0,0.0,0,0.0
no_rules,low,0.05,primary,4000,0.265,2940,0.473182,0.416667,0.612789,0.015919,0.0,15.7815,106320,0,0.0,0,0.0,0,0.0,0,0.0
no_rules,low,0.08,primary,4000,0.12075,3517,0.414273,0.363636,0.484999,0.020364,0.0,12.3895,106320,0,0.0,0,0.0,0,0.0,0,0.0
no_rules,low,0.1,exploratory,4000,0.072,3712,0.385096,0.333333,0.429369,0.022527,0.0,10.8975,106320,0,0.0,0,0.0,0,0.0,0,0.0
no_rules,low,0.14,exploratory,4000,0.026,3896,0.330684,0.272727,0.348086,0.025634,0.0,8.805,106320,0,0.0,0,0.0,0,0.0,0,0.0
no_rules,low,0.18,exploratory,4000,0.00775,3969,0.285551,0.25,0.291088,0.028473,0.0,7.35,106320,0,0.0,0,0.0,0,0.0,0,0.0
no_rules,low,0.22,exploratory,4000,0.00275,3989,0.252015,0.214286,0.254072,0.03162,0.0,6.4045,106320,0,0.0,0,0.0,0,0.0,0,0.0
no_rules,low,0.26,exploratory,4000,0.00125,3995,0.227286,0.2,0.228252,0.034036,0.0,5.7525,106320,0,0.0,0,0.0,0,0.0,0,0.0
no_rules,low,0.3,exploratory,4000,0.00025,3999,0.208782,0.181818,0.20898,0.036636,0.0,5.2553,106320,0,0.0,0,0.0,0,0.0,0,0.0
no_rules,low,0.34,exploratory,4000,0.0,4000,0.193694,0.166667,0.193694,0.039025,0.0,4.8693,106320,0,0.0,0,0.0,0,0.0,0,0.0
no_rules,medium,0.02,primary,4000,0.45075,2197,0.503076,0.466667,0.727065,0.007214,0.0,29.2952,165440,0,0.0,0,0.0,0,0.0,0,0.0
no_rules,medium,0.05,primary,4000,0.136,3456,0.401328,0.333333,0.482747,0.012753,0.0,19.0242,165440,0,0.0,0,0.0,0,0.0,0,0.0
no_rules,medium,0.08,primary,4000,0.042,3832,0.33442,0.264706,0.362374,0.015507,0.0,14.1125,165440,0,0.0,0,0.0,0,0.0,0,0.0
no_rules,medium,0.1,exploratory,4000,0.022,3912,0.294854,0.231456,0.310368,0.017039,0.0,12.0563,165440,0,0.0,0,0.0,0,0.0,0,0.0
no_rules,medium,0.14,exploratory,4000,0.0065,3974,0.237113,0.1875,0.242072,0.019184,0.0,9.3253,165440,0,0.0,0,0.0,0,0.0,0,0.0
no_rules,medium,0.18,exploratory,4000,0.0015,3994,0.199528,0.15625,0.200729,0.020698,0.0,7.7055,165440,0,0.0,0,0.0,0,0.0,0,0.0
no_rules,medium,0.22,exploratory,4000,0.00075,3997,0.173589,0.138889,0.174209,0.022502,0.0,6.674,165440,0,0.0,0,0.0,0,0.0,0,0.0
no_rules,medium,0.26,exploratory,4000,0.0,4000,0.157116,0.131579,0.157116,0.024261,0.0,6.025,165440,0,0.0,0,0.0,0,0.0,0,0.0
no_rules,medium,0.3,exploratory,4000,0.0,4000,0.143291,0.119048,0.143291,0.025959,0.0,5.498,165440,0,0.0,0,0.0,0,0.0,0,0.0
no_rules,medium,0.34,exploratory,4000,0.0,4000,0.133146,0.112374,0.133146,0.027726,0.0,5.1065,165440,0,0.0,0,0.0,0,0.0,0,0.0
only_consistency,high,0.02,primary,4000,0.672,1312,0.749069,0.981071,0.917695,0.022336,1.434,67.4968,296760,0,0.0,0,0.0,5736,0.019329,0,0.0
only_consistency,high,0.05,primary,4000,0.40825,2367,0.702722,0.893939,0.824086,0.049049,3.08225,60.188,296760,0,0.0,0,0.0,12329,0.041545,0,0.0
only_consistency,high,0.08,primary,4000,0.27425,2903,0.657112,0.757143,0.751149,0.071869,4.3815,54.5603,296760,0,0.0,0,0.0,17526,0.059058,0,0.0
only_consistency,high,0.1,exploratory,4000,0.22275,3109,0.637871,0.712121,0.718536,0.085836,5.168,52.144,296760,0,0.0,0,0.0,20672,0.069659,0,0.0
only_consistency,high,0.14,exploratory,4000,0.148,3408,0.599968,0.603448,0.659172,0.109142,6.324,47.7163,296760,0,0.0,0,0.0,25296,0.085241,0,0.0
only_consistency,high,0.18,exploratory,4000,0.109,3564,0.569464,0.534091,0.616392,0.129642,7.29825,44.4862,296760,0,0.0,0,0.0,29193,0.098372,0,0.0
only_consistency,high,0.22,exploratory,4000,0.0885,3646,0.544101,0.464286,0.584448,0.148653,8.10425,42.1373,296760,0,0.0,0,0.0,32417,0.109236,0,0.0
only_consistency,high,0.26,exploratory,4000,0.07375,3705,0.523264,0.406977,0.558423,0.165987,8.758,40.2578,296760,0,0.0,0,0.0,35032,0.118048,0,0.0
only_consistency,high,0.3,exploratory,4000,0.06025,3759,0.503015,0.369565,0.532958,0.179911,9.19175,38.3402,296760,0,0.0,0,0.0,36767,0.123895,0,0.0
only_consistency,high,0.34,exploratory,4000,0.0515,3794,0.483217,0.339286,0.509831,0.193501,9.58875,36.7302,296760,0,0.0,0,0.0,38355,0.129246,0,0.0
only_consistency,low,0.02,primary,4000,0.84975,601,0.778276,0.9375,0.966686,0.02341,0.5385,25.6532,106320,0,0.0,0,0.0,2154,0.02026,0,0.0
only_consistency,low,0.05,primary,4000,0.67025,1319,0.762935,0.931818,0.921828,0.054336,1.2285,24.389,106320,0,0.0,0,0.0,4914,0.046219,0,0.0
only_consistency,low,0.08,primary,4000,0.5295,1882,0.742582,0.916667,0.878885,0.082194,1.80575,23.2425,106320,0,0.0,0,0.0,7223,0.067936,0,0.0
only_consistency,low,0.1,exploratory,4000,0.47175,2113,0.732605,0.9,0.858749,0.098457,2.145,22.7018,106320,0,0.0,0,0.0,8580,0.0807,0,0.0
only_consistency,low,0.14,exploratory,4000,0.3695,2522,0.707363,0.892857,0.815492,0.129263,2.74325,21.5302,106320,0,0.0,0,0.0,10973,0.103207,0,0.0
only_consistency,low,0.18,exploratory,4000,0.2955,2818,0.68442,0.869318,0.777674,0.158883,3.26225,20.5272,106320,0,0.0,0,0.0,13049,0.122733,0,0.0
only_consistency,low,0.22,exploratory,4000,0.243,3028,0.67289,0.85,0.752378,0.186237,3.69275,19.8433,106320,0,0.0,0,0.0,14771,0.13893,0,0.0
only_consistency,low,0.26,exploratory,4000,0.201,3196,0.65377,0.75,0.723362,0.207787,4.00525,19.0825,106320,0,0.0,0,0.0,16021,0.150687,0,0.0
only_consistency,low,0.3,exploratory,4000,0.1765,3294,0.635076,0.657895,0.699485,0.229118,4.26975,18.4292,106320,0,0.0,0,0.0,17079,0.160638,0,0.0
only_consistency,low,0.34,exploratory,4000,0.15575,3377,0.618128,0.590909,0.677605,0.24871,4.48425,17.8682,106320,0,0.0,0,0.0,17937,0.168708,0,0.0
only_consistency,medium,0.02,primary,4000,0.79,840,0.796999,1.0,0.95737,0.022353,0.814,39.4918,165440,0,0.0,0,0.0,3256,0.019681,0,0.0
only_consistency,medium,0.05,primary,4000,0.558,1768,0.746099,0.946429,0.887776,0.053862,1.85675,36.4295,165440,0,0.0,0,0.0,7427,0.044892,0,0.0
only_consistency,medium,0.08,primary,4000,0.42,2320,0.722798,0.931818,0.839223,0.081147,2.72475,34.2803,165440,0,0.0,0,0.0,10899,0.065879,0,0.0
only_consistency,medium,0.1,exploratory,4000,0.353,2588,0.708871,0.916667,0.81164,0.097111,3.20075,33.0823,165440,0,0.0,0,0.0,12803,0.077388,0,0.0
only_consistency,medium,0.14,exploratory,4000,0.2715,2914,0.679039,0.814145,0.76618,0.125851,4.02475,31.1225,165440,0,0.0,0,0.0,16099,0.09731,0,0.0
only_consistency,medium,0.18,exploratory,4000,0.21775,3129,0.648433,0.711538,0.724987,0.152176,4.72575,29.4163,165440,0,0.0,0,0.0,18903,0.114259,0,0.0
only_consistency,medium,0.22,exploratory,4000,0.172,3312,0.626926,0.659091,0.691095,0.174813,5.24775,27.962,165440,0,0.0,0,0.0,20991,0.12688,0,0.0
only_consistency,medium,0.26,exploratory,4000,0.149,3404,0.605561,0.605263,0.664333,0.195093,5.685,26.855,165440,0,0.0,0,0.0,22740,0.137452,0,0.0
only_consistency,medium,0.3,exploratory,4000,0.1195,3522,0.585488,0.576923,0.635022,0.212818,6.0195,25.681,165440,0,0.0,0,0.0,24078,0.145539,0,0.0
only_consistency,medium,0.34,exploratory,4000,0.104,3584,0.573882,0.543478,0.618198,0.232267,6.37625,24.9295,165440,0,0.0,0,0.0,25505,0.154165,0,0.0
only_coordinate,high,0.02,primary,4000,0.25125,2995,0.425368,0.371429,0.569744,0.00571,0.0,40.0645,296760,0,0.0,0,0.0,0,0.0,0,0.0
only_coordinate,high,0.05,primary,4000,0.04025,3839,0.293523,0.220588,0.321959,0.008107,0.0,21.968,296760,0,0.0,0,0.0,0,0.0,0,0.0
only_coordinate,high,0.08,primary,4000,0.0075,3970,0.211041,0.153846,0.216958,0.009031,0.0,14.689,296760,0,0.0,0,0.0,0,0.0,0,0.0
only_coordinate,high,0.1,exploratory,4000,0.003,3988,0.178238,0.13374,0.180703,0.009367,0.0,12.2157,296760,0,0.0,0,0.0,0,0.0,0,0.0
only_coordinate,high,0.14,exploratory,4000,0.00025,3999,0.1385,0.105263,0.138715,0.010577,0.0,9.3727,296760,0,0.0,0,0.0,0,0.0,0,0.0
only_coordinate,high,0.18,exploratory,4000,0.0,4000,0.116478,0.089286,0.116478,0.0115,0.0,7.8845,296760,0,0.0,0,0.0,0,0.0,0,0.0
only_coordinate,high,0.22,exploratory,4000,0.0,4000,0.099886,0.078947,0.099886,0.012211,0.0,6.775,296760,0,0.0,0,0.0,0,0.0,0,0.0
only_coordinate,high,0.26,exploratory,4000,0.0,4000,0.08939,0.071429,0.08939,0.01331,0.0,6.0728,296760,0,0.0,0,0.0,0,0.0,0,0.0
only_coordinate,high,0.3,exploratory,4000,0.0,4000,0.081746,0.068182,0.081746,0.014529,0.0,5.5587,296760,0,0.0,0,0.0,0,0.0,0,0.0
only_coordinate,high,0.34,exploratory,4000,0.0,4000,0.075623,0.063492,0.075623,0.01546,0.0,5.1227,296760,0,0.0,0,0.0,0,0.0,0,0.0
only_coordinate,low,0.02,primary,4000,0.57875,1685,0.544605,0.5,0.808165,0.008414,0.0,21.1785,106320,0,0.0,0,0.0,0,0.0,0,0.0
only_coordinate,low,0.05,primary,4000,0.265,2940,0.473182,0.416667,0.612789,0.015919,0.0,15.7815,106320,0,0.0,0,0.0,0,0.0,0,0.0
only_coordinate,low,0.08,primary,4000,0.12075,3517,0.414273,0.363636,0.484999,0.020364,0.0,12.3895,106320,0,0.0,0,0.0,0,0.0,0,0.0
only_coordinate,low,0.1,exploratory,4000,0.072,3712,0.385096,0.333333,0.429369,0.022527,0.0,10.8975,106320,0,0.0,0,0.0,0,0.0,0,0.0
only_coordinate,low,0.14,exploratory,4000,0.026,3896,0.330684,0.272727,0.348086,0.025634,0.0,8.805,106320,0,0.0,0,0.0,0,0.0,0,0.0
only_coordinate,low,0.18,exploratory,4000,0.00775,3969,0.285551,0.25,0.291088,0.028473,0.0,7.35,106320,0,0.0,0,0.0,0,0.0,0,0.0
only_coordinate,low,0.22,exploratory,4000,0.00275,3989,0.252015,0.214286,0.254072,0.03162,0.0,6.4045,106320,0,0.0,0,0.0,0,0.0,0,0.0
only_coordinate,low,0.26,exploratory,4000,0.00125,3995,0.227286,0.2,0.228252,0.034036,0.0,5.7525,106320,0,0.0,0,0.0,0,0.0,0,0.0
only_coordinate,low,0.3,exploratory,4000,0.00025,3999,0.208782,0.181818,0.20898,0.036636,0.0,5.2553,106320,0,0.0,0,0.0,0,0.0,0,0.0
only_coordinate,low,0.34,exploratory,4000,0.0,4000,0.193694,0.166667,0.193694,0.039025,0.0,4.8693,106320,0,0.0,0,0.0,0,0.0,0,0.0
only_coordinate,medium,0.02,primary,4000,0.45075,2197,0.503076,0.466667,0.727065,0.007214,0.0,29.2952,165440,0,0.0,0,0.0,0,0.0,0,0.0
only_coordinate,medium,0.05,primary,4000,0.136,3456,0.401328,0.333333,0.482747,0.012753,0.0,19.0242,165440,0,0.0,0,0.0,0,0.0,0,0.0
only_coordinate,medium,0.08,primary,4000,0.042,3832,0.33442,0.264706,0.362374,0.015507,0.0,14.1125,165440,0,0.0,0,0.0,0,0.0,0,0.0
only_coordinate,medium,0.1,exploratory,4000,0.022,3912,0.294854,0.231456,0.310368,0.017039,0.0,12.0563,165440,0,0.0,0,0.0,0,0.0,0,0.0
only_coordinate,medium,0.14,exploratory,4000,0.0065,3974,0.237113,0.1875,0.242072,0.019184,0.0,9.3253,165440,0,0.0,0,0.0,0,0.0,0,0.0
only_coordinate,medium,0.18,exploratory,4000,0.0015,3994,0.199528,0.15625,0.200729,0.020698,0.0,7.7055,165440,0,0.0,0,0.0,0,0.0,0,0.0
only_coordinate,medium,0.22,exploratory,4000,0.00075,3997,0.173589,0.138889,0.174209,0.022502,0.0,6.674,165440,0,0.0,0,0.0,0,0.0,0,0.0
only_coordinate,medium,0.26,exploratory,4000,0.0,4000,0.157116,0.131579,0.157116,0.024261,0.0,6.025,165440,0,0.0,0,0.0,0,0.0,0,0.0
only_coordinate,medium,0.3,exploratory,4000,0.0,4000,0.143291,0.119048,0.143291,0.025959,0.0,5.498,165440,0,0.0,0,0.0,0,0.0,0,0.0
only_coordinate,medium,0.34,exploratory,4000,0.0,4000,0.133146,0.112374,0.133146,0.027726,0.0,5.1065,165440,0,0.0,0,0.0,0,0.0,0,0.0
only_legal_set,high,0.02,primary,4000,0.2665,2934,0.430277,0.379655,0.582108,0.005811,0.02975,40.9725,296760,119,0.000401,0,0.0,0,0.0,0,0.0
only_legal_set,high,0.05,primary,4000,0.04525,3819,0.301422,0.227273,0.333033,0.008398,0.04,22.6818,296760,160,0.000539,0,0.0,0,0.0,0,0.0
only_legal_set,high,0.08,primary,4000,0.00875,3965,0.220185,0.157895,0.227009,0.009463,0.046,15.3275,296760,184,0.00062,0,0.0,0,0.0,0,0.0
only_legal_set,high,0.1,exploratory,4000,0.00375,3985,0.185741,0.138889,0.188794,0.009786,0.044,12.739,296760,176,0.000593,0,0.0,0,0.0,0,0.0
only_legal_set,high,0.14,exploratory,4000,0.0005,3998,0.145404,0.11,0.145831,0.011131,0.0545,9.845,296760,218,0.000735,0,0.0,0,0.0,0,0.0
only_legal_set,high,0.18,exploratory,4000,0.0,4000,0.122748,0.095238,0.122748,0.012156,0.05975,8.3027,296760,239,0.000805,0,0.0,0,0.0,0,0.0
only_legal_set,high,0.22,exploratory,4000,0.0,4000,0.106478,0.083333,0.106478,0.013042,0.06875,7.2188,296760,275,0.000927,0,0.0,0,0.0,0,0.0
only_legal_set,high,0.26,exploratory,4000,0.0,4000,0.095768,0.076923,0.095768,0.014226,0.079,6.4958,296760,316,0.001065,0,0.0,0,0.0,0,0.0
only_legal_set,high,0.3,exploratory,4000,0.0,4000,0.088502,0.071429,0.088502,0.015696,0.09125,6.0062,296760,365,0.00123,0,0.0,0,0.0,0,0.0
only_legal_set,high,0.34,exploratory,4000,0.0,4000,0.082636,0.068966,0.082636,0.016898,0.10275,5.587,296760,411,0.001385,0,0.0,0,0.0,0,0.0
only_legal_set,low,0.02,primary,4000,0.5965,1614,0.551043,0.5,0.818846,0.008523,0.02275,21.4593,106320,91,0.000856,0,0.0,0,0.0,0,0.0
only_legal_set,low,0.05,primary,4000,0.28225,2871,0.48312,0.423077,0.629009,0.016345,0.038,16.1898,106320,152,0.00143,0,0.0,0,0.0,0,0.0
only_legal_set,low,0.08,primary,4000,0.1365,3454,0.427511,0.375,0.505656,0.021179,0.05175,12.893,106320,207,0.001947,0,0.0,0,0.0,0,0.0
only_legal_set,low,0.1,exploratory,4000,0.08425,3663,0.4001,0.333333,0.450642,0.023671,0.0565,11.411,106320,226,0.002126,0,0.0,0,0.0,0,0.0
only_legal_set,low,0.14,exploratory,4000,0.03275,3869,0.348446,0.285714,0.369784,0.02727,0.06575,9.3262,106320,263,0.002474,0,0.0,0,0.0,0,0.0
only_legal_set,low,0.18,exploratory,4000,0.01025,3959,0.30482,0.25,0.311946,0.030476,0.0755,7.8528,106320,302,0.00284,0,0.0,0,0.0,0,0.0
only_legal_set,low,0.22,exploratory,4000,0.00375,3985,0.271072,0.214286,0.273806,0.033832,0.08175,6.8857,106320,327,0.003076,0,0.0,0,0.0,0,0.0
only_legal_set,low,0.26,exploratory,4000,0.0015,3994,0.247512,0.210526,0.24864,0.036786,0.09325,6.2443,106320,373,0.003508,0,0.0,0,0.0,0,0.0
only_legal_set,low,0.3,exploratory,4000,0.0005,3998,0.228463,0.2,0.228849,0.039871,0.1,5.7415,106320,400,0.003762,0,0.0,0,0.0,0,0.0
only_legal_set,low,0.34,exploratory,4000,0.0,4000,0.213153,0.181818,0.213153,0.04287,0.10975,5.3513,106320,439,0.004129,0,0.0,0,0.0,0,0.0
only_legal_set,medium,0.02,primary,4000,0.46525,2139,0.507286,0.472222,0.736521,0.007288,0.0215,29.6668,165440,86,0.00052,0,0.0,0,0.0,0,0.0
only_legal_set,medium,0.05,primary,4000,0.148,3408,0.411096,0.34375,0.498254,0.013152,0.04025,19.6258,165440,161,0.000973,0,0.0,0,0.0,0,0.0
only_legal_set,medium,0.08,primary,4000,0.0495,3802,0.344336,0.272727,0.376791,0.016077,0.04325,14.678,165440,173,0.001046,0,0.0,0,0.0,0,0.0
only_legal_set,medium,0.1,exploratory,4000,0.02625,3895,0.306326,0.23913,0.324535,0.017713,0.0495,12.602,165440,198,0.001197,0,0.0,0,0.0,0,0.0
only_legal_set,medium,0.14,exploratory,4000,0.00875,3965,0.249616,0.194444,0.256182,0.020188,0.0575,9.8758,165440,230,0.00139,0,0.0,0,0.0,0,0.0
only_legal_set,medium,0.18,exploratory,4000,0.00275,3989,0.211705,0.166667,0.213873,0.022091,0.067,8.218,165440,268,0.00162,0,0.0,0,0.0,0,0.0
only_legal_set,medium,0.22,exploratory,4000,0.00125,3995,0.185777,0.15,0.186794,0.024015,0.079,7.1635,165440,316,0.00191,0,0.0,0,0.0,0,0.0
only_legal_set,medium,0.26,exploratory,4000,0.0,4000,0.168717,0.136364,0.168717,0.025957,0.08875,6.4822,165440,355,0.002146,0,0.0,0,0.0,0,0.0
only_legal_set,medium,0.3,exploratory,4000,0.0,4000,0.15569,0.130435,0.15569,0.028095,0.10025,5.9828,165440,401,0.002424,0,0.0,0,0.0,0,0.0
only_legal_set,medium,0.34,exploratory,4000,0.0,4000,0.145237,0.125,0.145237,0.030044,0.107,5.576,165440,428,0.002587,0,0.0,0,0.0,0,0.0
only_order,high,0.02,primary,4000,0.25125,2995,0.425368,0.371429,0.569744,0.00571,0.0,40.0645,296760,0,0.0,0,0.0,0,0.0,0,0.0
only_order,high,0.05,primary,4000,0.04025,3839,0.293523,0.220588,0.321959,0.008107,0.0,21.968,296760,0,0.0,0,0.0,0,0.0,0,0.0
only_order,high,0.08,primary,4000,0.0075,3970,0.211041,0.153846,0.216958,0.009031,0.0,14.689,296760,0,0.0,0,0.0,0,0.0,0,0.0
only_order,high,0.1,exploratory,4000,0.003,3988,0.178238,0.13374,0.180703,0.009367,0.0,12.2157,296760,0,0.0,0,0.0,0,0.0,0,0.0
only_order,high,0.14,exploratory,4000,0.00025,3999,0.1385,0.105263,0.138715,0.010577,0.0,9.3727,296760,0,0.0,0,0.0,0,0.0,0,0.0
only_order,high,0.18,exploratory,4000,0.0,4000,0.116478,0.089286,0.116478,0.0115,0.0,7.8845,296760,0,0.0,0,0.0,0,0.0,0,0.0
only_order,high,0.22,exploratory,4000,0.0,4000,0.099886,0.078947,0.099886,0.012211,0.0,6.775,296760,0,0.0,0,0.0,0,0.0,0,0.0
only_order,high,0.26,exploratory,4000,0.0,4000,0.08939,0.071429,0.08939,0.01331,0.0,6.0728,296760,0,0.0,0,0.0,0,0.0,0,0.0
only_order,high,0.3,exploratory,4000,0.0,4000,0.081746,0.068182,0.081746,0.014529,0.0,5.5587,296760,0,0.0,0,0.0,0,0.0,0,0.0
only_order,high,0.34,exploratory,4000,0.0,4000,0.075623,0.063492,0.075623,0.01546,0.0,5.1227,296760,0,0.0,0,0.0,0,0.0,0,0.0
only_order,low,0.02,primary,4000,0.57875,1685,0.544605,0.5,0.808165,0.008414,0.0,21.1785,106320,0,0.0,0,0.0,0,0.0,0,0.0
only_order,low,0.05,primary,4000,0.265,2940,0.473182,0.416667,0.612789,0.015919,0.0,15.7815,106320,0,0.0,0,0.0,0,0.0,0,0.0
only_order,low,0.08,primary,4000,0.12075,3517,0.414273,0.363636,0.484999,0.020364,0.0,12.3895,106320,0,0.0,0,0.0,0,0.0,0,0.0
only_order,low,0.1,exploratory,4000,0.072,3712,0.385096,0.333333,0.429369,0.022527,0.0,10.8975,106320,0,0.0,0,0.0,0,0.0,0,0.0
only_order,low,0.14,exploratory,4000,0.026,3896,0.330684,0.272727,0.348086,0.025634,0.0,8.805,106320,0,0.0,0,0.0,0,0.0,0,0.0
only_order,low,0.18,exploratory,4000,0.00775,3969,0.285551,0.25,0.291088,0.028473,0.0,7.35,106320,0,0.0,0,0.0,0,0.0,0,0.0
only_order,low,0.22,exploratory,4000,0.00275,3989,0.252015,0.214286,0.254072,0.03162,0.0,6.4045,106320,0,0.0,0,0.0,0,0.0,0,0.0
only_order,low,0.26,exploratory,4000,0.00125,3995,0.227286,0.2,0.228252,0.034036,0.0,5.7525,106320,0,0.0,0,0.0,0,0.0,0,0.0
only_order,low,0.3,exploratory,4000,0.00025,3999,0.208782,0.181818,0.20898,0.036636,0.0,5.2553,106320,0,0.0,0,0.0,0,0.0,0,0.0
only_order,low,0.34,exploratory,4000,0.0,4000,0.193694,0.166667,0.193694,0.039025,0.0,4.8693,106320,0,0.0,0,0.0,0,0.0,0,0.0
only_order,medium,0.02,primary,4000,0.45075,2197,0.503076,0.466667,0.727065,0.007214,0.0,29.2952,165440,0,0.0,0,0.0,0,0.0,0,0.0
only_order,medium,0.05,primary,4000,0.136,3456,0.401328,0.333333,0.482747,0.012753,0.0,19.0242,165440,0,0.0,0,0.0,0,0.0,0,0.0
only_order,medium,0.08,primary,4000,0.042,3832,0.33442,0.264706,0.362374,0.015507,0.0,14.1125,165440,0,0.0,0,0.0,0,0.0,0,0.0
only_order,medium,0.1,exploratory,4000,0.022,3912,0.294854,0.231456,0.310368,0.017039,0.0,12.0563,165440,0,0.0,0,0.0,0,0.0,0,0.0
only_order,medium,0.14,exploratory,4000,0.0065,3974,0.237113,0.1875,0.242072,0.019184,0.0,9.3253,165440,0,0.0,0,0.0,0,0.0,0,0.0
only_order,medium,0.18,exploratory,4000,0.0015,3994,0.199528,0.15625,0.200729,0.020698,0.0,7.7055,165440,0,0.0,0,0.0,0,0.0,0,0.0
only_order,medium,0.22,exploratory,4000,0.00075,3997,0.173589,0.138889,0.174209,0.022502,0.0,6.674,165440,0,0.0,0,0.0,0,0.0,0,0.0
only_order,medium,0.26,exploratory,4000,0.0,4000,0.157116,0.131579,0.157116,0.024261,0.0,6.025,165440,0,0.0,0,0.0,0,0.0,0,0.0
only_order,medium,0.3,exploratory,4000,0.0,4000,0.143291,0.119048,0.143291,0.025959,0.0,5.498,165440,0,0.0,0,0.0,0,0.0,0,0.0
only_order,medium,0.34,exploratory,4000,0.0,4000,0.133146,0.112374,0.133146,0.027726,0.0,5.1065,165440,0,0.0,0,0.0,0,0.0,0,0.0
