condition,stratum,grid,n_grid_points,criterion,epsilon_star,censor_flag
no_rules,low,primary,3,0.5,0.02753,ok
no_rules,medium,primary,3,0.5,0.02,left_censored
no_rules,high,primary,3,0.5,0.02,left_censored
no_rules,pooled,primary,3,0.5,0.02,left_censored
only_legal_set,low,primary,3,0.5,0.029212,ok
only_legal_set,medium,primary,3,0.5,0.02,left_censored
only_legal_set,high,primary,3,0.5,0.02,left_censored
only_legal_set,pooled,primary,3,0.5,0.02,left_censored
only_order,low,primary,3,0.5,0.02753,ok
only_order,medium,primary,3,0.5,0.02,left_censored
only_order,high,primary,3,0.5,0.02,left_censored
only_order,pooled,primary,3,0.5,0.02,left_censored
only_consistency,low,primary,3,0.5,,right_censored
only_consistency,medium,primary,3,0.5,0.062609,ok
only_consistency,high,primary,3,0.5,0.039564,ok
only_consistency,pooled,primary,3,0.5,0.059921,ok
only_coordinate,low,primary,3,0.5,0.02753,ok
only_coordinate,medium,primary,3,0.5,0.02,left_censored
only_coordinate,high,primary,3,0.5,0.02,left_censored
only_coordinate,pooled,primary,3,0.5,0.02,left_censored
loo_no_legal_set,low,primary,3,0.5,,right_censored
loo_no_legal_set,medium,primary,3,0.5,0.062609,ok
loo_no_legal_set,high,primary,3,0.5,0.039564,ok
loo_no_legal_set,pooled,primary,3,0.5,0.059921,ok
loo_no_order,low,primary,3,0.5,,right_censored
loo_no_order,medium,primary,3,0.5,,right_censored
loo_no_order,high,primary,3,0.5,,right_censored
loo_no_order,pooled,primary,3,0.5,,right_censored
loo_no_consistency,low,primary,3,0.5,0.029212,ok
loo_no_consistency,medium,primary,3,0.5,0.02,left_censored
loo_no_consistency,high,primary,3,0.5,0.02,left_censored
loo_no_consistency,pooled,primary,3,0.5,0.02,left_censored
loo_no_coordinate,low,primary,3,0.5,,right_censored
loo_no_coordinate,medium,primary,3,0.5,,right_censored
loo_no_coordinate,high,primary,3,0.5,,right_censored
loo_no_coordinate,pooled,primary,3,0.5,,right_censored
full,low,primary,3,0.5,,right_censored
full,medium,primary,3,0.5,,right_censored
full,high,primary,3,0.5,,right_censored
full,pooled,primary,3,0.5,,right_censored
no_rules,low,extended_10pt,10,0.5,0.02753,ok
no_rules,medium,extended_10pt,10,0.5,0.02,left_censored
no_rules,high,extended_10pt,10,0.5,0.02,left_censored
no_rules,pooled,extended_10pt,10,0.5,0.02,left_censored
only_legal_set,low,extended_10pt,10,0.5,0.029212,ok
only_legal_set,medium,extended_10pt,10,0.5,0.02,left_censored
only_legal_set,high,extended_10pt,10,0.5,0.02,left_censored
only_legal_set,pooled,extended_10pt,10,0.5,0.02,left_censored
only_order,low,extended_10pt,10,0.5,0.02753,ok
only_order,medium,extended_10pt,10,0.5,0.02,left_censored
only_order,high,extended_10pt,10,0.5,0.02,left_censored
only_order,pooled,extended_10pt,10,0.5,0.02,left_censored
only_consistency,low,extended_10pt,10,0.5,0.090216,ok
only_consistency,medium,extended_10pt,10,0.5,0.062609,ok
only_consistency,high,extended_10pt,10,0.5,0.039564,ok
only_consistency,pooled,extended_10pt,10,0.5,0.059921,ok
only_coordinate,low,extended_10pt,10,0.5,0.02753,ok
only_coordinate,medium,extended_10pt,10,0.5,0.02,left_censored
only_coordinate,high,extended_10pt,10,0.5,0.02,left_censored
only_coordinate,pooled,extended_10pt,10,0.5,0.02,left_censored
loo_no_legal_set,low,extended_10pt,10,0.5,0.090216,ok
loo_no_legal_set,medium,extended_10pt,10,0.5,0.062609,ok
loo_no_legal_set,high,extended_10pt,10,0.5,0.039564,ok
loo_no_legal_set,pooled,extended_10pt,10,0.5,0.059921,ok
loo_no_order,low,extended_10pt,10,0.5,0.294583,ok
loo_no_order,medium,extended_10pt,10,0.5,0.19977,ok
loo_no_order,high,extended_10pt,10,0.5,0.117184,ok
loo_no_order,pooled,extended_10pt,10,0.5,0.192883,ok
loo_no_consistency,low,extended_10pt,10,0.5,0.029212,ok
loo_no_consistency,medium,extended_10pt,10,0.5,0.02,left_censored
loo_no_consistency,high,extended_10pt,10,0.5,0.02,left_censored
loo_no_consistency,pooled,extended_10pt,10,0.5,0.02,left_censored
loo_no_coordinate,low,extended_10pt,10,0.5,0.294583,ok
loo_no_coordinate,medium,extended_10pt,10,0.5,0.19977,ok
loo_no_coordinate,high,extended_10pt,10,0.5,0.117184,ok
loo_no_coordinate,pooled,extended_10pt,10,0.5,0.192883,ok
full,low,extended_10pt,10,0.5,0.294583,ok
full,medium,extended_10pt,10,0.5,0.19977,ok
full,high,extended_10pt,10,0.5,0.117184,ok
full,pooled,extended_10pt,10,0.5,0.192883,ok
