chain,u_hat
70,-0.362539
2521,0.640912
4043,0.76048
5057,-0.047291
6814,-0.042762
12963,0.100703
12995,-0.142059
16623,0.902017
17383,0.672678
21104,-0.362539
22252,-0.423877
26041,-0.21084
36371,0.109428
42224,-0.082156
46396,-0.655399
47722,-0.611056
47970,0.0611
48093,-0.030797
48499,-0.474489
49435,0.254898
51124,-0.01387
51216,0.689894
52174,-0.206123
54348,0.118339
55498,0.064843
56665,-0.216154
61210,-0.126636
63701,-0.173554
67200,-0.463978
67300,0.499866
71254,-0.158072
73875,0.458976
75468,0.052891
76931,0.254898
78360,-0.251881
79232,-0.325936
80137,-0.094014
80304,0.104052
80359,0.248089
80605,-0.019218
82960,-0.33987
86270,0.179476
86812,-0.253116
86846,-0.136721
90002,-0.168748
90982,-0.061219
95450,-0.25421
95632,0.497419
95875,-0.11003
98585,-0.024816
99764,0.655511
100838,-0.251881
101411,-0.124196
101473,-0.307714
102703,0.046915
104350,0.058867
105310,0.689894
106159,0.690988
107149,1.215873
109199,-0.758785
110718,-0.77699
111123,-0.138263
114886,-0.313766
116137,-0.865927
116317,0.114805
116924,0.615635
120032,-0.083335
125064,0.179903
125748,0.331657
125825,0.0611
125949,-0.156663
126026,-0.50154
126295,0.937464
127330,-0.024564
127464,0.0611
128738,-0.195443
130773,0.248089
131886,0.298531
133496,-0.57318
134610,0.864957
135679,0.190283
135717,-0.047291
136936,-0.251881
136954,0.017033
137020,-0.078677
137087,-0.329146
139819,0.094726
140052,-0.409724
140086,-0.471464
140889,0.342611
145179,0.118339
145601,0.35693
151282,0.553461
161377,-0.56689
166751,-0.345234
182126,-0.036779
182511,0.190448
187438,0.145729
187439,0.17847
188088,0.028944
190860,-0.138263
192555,-0.486476
193095,-0.671137
197652,-0.144647
200082,-0.324015
201346,-0.174702
202495,-0.496152
204413,0.13204
205098,-0.156663
207464,0.018234
207855,-0.577705
209710,-0.25421
212225,-0.419326
212242,-0.244718
212442,-0.237564
212608,-0.405429
215871,-0.152734
216292,-0.061219
216512,-0.173554
217019,-0.168748
217697,0.370529
218797,-0.204811
219372,-0.179425
219870,-0.084667
240156,0.220836
240974,-0.138263
241220,-0.608589
241706,-0.124196
243439,0.77957
244056,0.214019
246079,0.282515
246949,0.042735
247765,-0.504343
248514,-0.604726
248921,0.309332
249186,0.179903
250018,0.148543
256189,-0.456505
256700,-0.405429
260506,-0.516659
263050,-0.006878
263467,0.370529
265240,-0.295047
265935,-0.748982
266374,-0.051287
267785,0.015122
269561,-0.012566
271828,0.174076
275715,0.028987
276880,-0.309511
277086,0.07028
277274,-0.404539
277520,0.001288
279368,-0.486476
280211,-0.138641
280533,0.184458
280535,-0.006878
281869,-0.419326
282120,0.492677
282189,-0.051287
282252,-0.332027
283613,0.001288
283662,0.712714
284027,-0.180635
284307,-0.682243
285064,0.602447
285677,-0.660136
286702,0.465786
287468,0.436255
287588,-0.545047
288007,0.254898
288568,-0.066701
300439,-0.126636
301990,0.045016
303231,-0.162674
304055,-0.478963
304257,0.588733
306527,0.540828
307702,-0.454722
307961,0.090898
308400,0.050376
309537,0.154527
314297,-0.131226
322455,0.255313
322826,0.233597
324457,-0.145307
325392,-0.180719
326413,-0.144647
329408,-0.117173
340665,-0.302274
344648,0.337132
360516,-0.152358
361589,0.58188
361786,-0.120707
363805,1.215873
364594,0.190283
367687,0.094726
368141,0.364556
375055,0.040939
375425,0.286491
378412,-0.554703
381922,-0.545047
382138,-0.006878
382840,0.0343
389593,0.02301
389643,-0.142059
390115,0.136579
393774,-0.082156
401747,-0.241024
404552,-0.072689
406105,-0.012566
406487,0.039658
407169,0.056516
409563,0.196439
411275,-0.195443
415704,-0.430036
418681,-0.061219
418889,-0.131383
419042,-0.687595
421802,0.023588
422621,-0.082156
424026,0.647151
424980,0.130948
425084,-0.448543
425496,-0.577776
425499,0.2072
428860,0.493047
429548,-0.089147
432942,-0.02991
433289,0.657448
433530,0.268449
434392,-0.560608
434583,-0.120707
434829,0.018234
436464,0.506687
436810,0.268513
440433,-0.142059
440973,-0.2834
442340,0.364917
445392,-0.350599
446152,-0.124196
446799,-0.663259
446855,0.002178
448250,0.001288
448651,0.111484
448659,0.359065
452046,-0.313766
453349,-0.782607
455693,0.25643
459949,-0.355966
461465,1.139284
462040,-0.018836
462876,0.951757
466138,-0.534161
466183,0.449918
466903,-0.40434
468749,0.039658
468916,0.262438
474443,0.340741
480306,-0.072654
482041,0.179476
482621,-0.068192
482854,-0.318428
483383,-0.089147
484603,-0.02991
486583,-0.783353
486938,0.25643
487758,-0.382446
488451,-0.173554
489189,-0.008522
489355,0.492677
491580,-0.460906
492666,-0.325936
494369,0.411333
499426,1.034182
501922,0.759265
503045,0.100703
503624,0.070819
506997,-0.775212
507138,-0.078677
508427,-0.072654
512191,0.817942
514795,-0.024816
516226,-0.374772
517288,0.843671
518834,0.017033
519317,-0.066701
522404,0.120184
525767,0.75413
540761,0.166496
545053,-0.090659
545864,-0.090659
547057,-0.367774
560832,-0.456505
560883,0.880616
560995,0.255313
561271,-0.040335
561481,0.609309
562481,0.274461
562652,0.222755
566717,-0.448543
569566,0.316133
570312,0.370529
576516,0.206508
580518,0.045016
580877,-0.426738
582671,-0.194819
583793,0.028944
584123,0.973262
584779,0.336533
588155,-0.192761
591359,0.260748
593707,-0.286301
595325,-0.227489
595753,0.217337
601396,-0.745762
601929,-0.0406
602979,-0.174702
603108,0.018234
603453,-0.054252
604850,-0.307686
606089,-0.50154
607161,-0.393578
608662,-0.120636
610107,-0.078677
611818,0.173073
613369,0.11266
615406,0.241278
617983,0.260748
619432,0.824245
621605,0.609958
624426,0.248089
624793,0.316606
625610,0.114805
628025,-0.190103
629449,-0.687595
632896,-0.152358
633463,-0.000899
640013,0.202432
640071,-0.051287
640405,-0.241024
640427,-0.34422
640664,0.193556
641215,0.152569
644281,1.305578
644605,-0.168687
644733,0.994144
644982,0.377022
646909,-0.003173
648681,-0.504343
653274,0.554501
654615,0.208425
655528,-0.405429
655627,0.002178
660974,-0.16341
666727,0.304553
670267,0.480441
672102,-0.115369
673423,-0.430036
673716,-0.353145
675655,-0.765772
676838,-0.072689
678024,0.431745
685305,0.346781
685355,-0.329146
685896,-0.307686
686257,-0.206123
686968,0.268449
689155,-0.523288
689553,-0.2834
691998,0.401269
692375,0.193556
698442,0.25643
702894,-0.76017
704705,-0.159416
707923,0.418136
708215,-0.131383
709202,0.179903
709418,-0.099353
711390,-0.350322
713546,-0.490732
714572,-0.368653
715838,0.174076
719786,0.001288
721658,-0.447466
722999,-0.243519
723774,0.190448
724525,0.02301
725416,1.034182
725468,-0.042762
725806,0.443825
726914,-0.431278
727923,0.250423
728265,-0.230419
728584,-0.25421
728960,0.57881
729610,0.304553
729876,-0.012857
732268,0.071829
735063,-0.174087
735137,-0.4362
737687,0.130948
738127,0.644092
738741,-0.184764
738770,0.547837
739119,-0.012566
741164,0.052891
741665,-0.145307
741795,0.309332
742840,-0.131226
743045,0.049628
744390,0.214019
745710,0.508593
745982,0.082772
746218,-0.184764
746989,-0.003173
747645,-0.234982
748437,-0.562355
749163,0.154527
750616,-0.173554
750860,0.888994
751604,1.253733
755014,-0.271278
755988,0.320716
756239,-0.404539
756275,0.125191
756512,0.196439
756610,0.425566
758614,0.046915
759379,0.02301
759515,-0.061219
759614,0.154527
760076,0.275318
762111,0.046915
762255,0.480441
762380,-0.173554
764891,-0.56689
765406,0.287964
766376,-0.035256
769531,-0.124196
771805,-0.600844
772164,-0.307714
772357,0.384129
772385,-0.266232
772464,-0.173554
776906,-0.077995
777358,0.104625
777547,-0.491905
777897,-0.663259
778358,0.214019
779308,0.168678
779369,-0.051287
779529,0.316606
783301,0.166496
783517,0.040939
784158,-0.377449
784866,0.431745
786723,-0.018836
787176,0.449918
789725,-0.884466
790983,0.093305
792305,0.508593
792336,-0.460906
795328,-0.448543
798349,-0.616349
801302,-0.195443
802561,0.022032
804069,0.623045
805777,0.159406
806225,-0.679032
806809,0.011056
807984,0.228175
809866,0.058867
810399,-0.047291
811125,-0.150654
811214,-0.313766
811509,-0.46908
811719,-0.494001
814305,-0.179425
815204,-0.318428
817428,0.288926
820970,0.24988
822654,-0.200783
823381,-0.033385
823783,-0.136721
824096,-0.57318
824605,0.733517
826981,-0.302274
827074,-0.295047
828328,-0.012566
829406,-0.168687
830577,-0.61611
830937,0.201098
831170,-0.31307
834615,-0.158072
835127,-0.372076
835978,0.046915
839476,0.066464
839649,-0.02644
839657,0.445358
841211,0.560278
841514,-0.066701
842393,0.882777
844951,-0.372076
845150,-0.454722
846954,-0.289467
848362,-0.454722
860199,-0.598403
860321,0.136332
862149,-0.077995
864209,-0.190103
864880,-0.325936
867687,0.486557
869632,-0.356429
871443,0.157889
873411,0.166241
874602,-0.114637
875311,-0.404539
875314,0.419655
877310,0.326185
877802,-0.136721
877863,0.088749
878017,0.13204
879182,-0.194819
880280,-0.313766
880284,-0.463673
881155,-0.088675
881771,0.098677
882819,-0.259052
882848,-0.287829
887871,0.850122
890637,-0.75899
890914,0.104625
893931,-0.088675
896380,-0.307686
896646,0.163282
898388,0.58165
898545,-0.124196
901446,0.018234
902345,-0.679032
904818,0.419487
905113,0.90066
911721,-0.096651
913783,-0.02644
914226,0.24445
914893,0.028944
916358,-0.353145
919144,0.244419
919392,0.441796
920077,0.097763
920830,-0.117173
921806,-0.228942
922016,-0.126045
922737,0.241278
922827,-0.338559
923309,-0.238175
924575,-0.162674
927046,-0.082156
931730,-0.02644
932212,0.125565
939488,0.302531
939724,-0.332027
940012,0.472599
943543,-0.411927
943936,0.520337
951265,0.948657
953672,-0.132638
954782,1.332769
956108,-0.59966
957583,0.342611
958603,0.232415
959949,-0.25421
963032,-0.420497
964185,-0.173554
965098,0.58188
966173,-0.534161
967811,0.348092
967888,0.288926
969728,-0.115369
970950,0.627002
972302,0.184878
973422,-0.216154
974404,-0.243519
976414,0.232415
977296,-0.019501
977467,0.661228
981348,-0.006878
982695,-0.610623
985778,-0.124196
987539,0.184458
987862,-0.033385
988549,-0.463673
989505,0.184458
990329,0.452889
990987,0.329733
991709,0.533995
992300,-0.209034
992855,-0.104692
994722,0.517198
994738,-0.460906
