term,estimate_log_or,se_laplace,z,odds_ratio,or_ci_lo,or_ci_hi,p_normal_approx,fixed_effect_logit_sign_match,note
(Intercept),-7.225799,0.07278,-99.2832,0.000728,0.000631,0.000839,0.0,1,descriptive
armno_rules,-1.437036,0.10956,-13.1164,0.237631,0.19171,0.294551,2.6521076764913688e-39,1,descriptive
armretry_selfreport,-0.60884,0.100798,-6.0402,0.543982,0.446463,0.662801,1.5391117471994795e-09,1,descriptive
armmin_rules,7.641555,0.067556,113.114,2082.979815,1824.656436,2377.874992,0.0,1,descriptive
eps_c,-3.487365,0.033961,-102.6862,0.030581,0.028612,0.032686,0.0,1,descriptive
stratummedium,-4.644771,0.154364,-30.0898,0.009612,0.007102,0.013008,6.596528412528101e-199,1,descriptive
stratumhigh,-17.53157,0.363181,-48.2723,0.0,0.0,0.0,0.0,1,descriptive
armno_rules:eps_c,-0.56187,0.054124,-10.3812,0.570142,0.512759,0.633947,3.0189218091305757e-25,1,descriptive
armretry_selfreport:eps_c,-0.226768,0.050434,-4.4964,0.797106,0.722082,0.879924,6.912744928277217e-06,1,descriptive
armmin_rules:eps_c,2.987099,0.034269,87.1656,19.828078,18.540037,21.205604,0.0,1,descriptive
armno_rules:stratummedium,-1.646227,0.250513,-6.5714,0.192776,0.117982,0.314985,4.983242622372723e-11,1,descriptive
armno_rules:stratumhigh,-5.512616,0.617513,-8.9271,0.004036,0.001203,0.013537,4.372095943923243e-19,1,descriptive
armretry_selfreport:stratummedium,-0.713755,0.226898,-3.1457,0.489802,0.313968,0.76411,0.0016568273339243882,1,descriptive
armretry_selfreport:stratumhigh,-2.187913,0.550485,-3.9745,0.112151,0.038127,0.329895,7.052241088745497e-05,1,descriptive
armmin_rules:stratummedium,4.28025,0.149526,28.6255,72.258526,53.902937,96.86475,3.237977738086713e-180,1,descriptive
armmin_rules:stratumhigh,16.774946,0.361135,46.4506,19287074.152038,9503154.533465,39143973.512821,0.0,1,descriptive
eps_c:stratummedium,-1.901821,0.070703,-26.8986,0.149297,0.129977,0.171488,2.2822510078783323e-159,1,descriptive
eps_c:stratumhigh,-7.228931,0.158025,-45.7454,0.000725,0.000532,0.000989,0.0,1,descriptive
armno_rules:eps_c:stratummedium,-0.702906,0.116356,-6.041,0.495144,0.394175,0.621976,1.5315701235817223e-09,1,descriptive
armno_rules:eps_c:stratumhigh,-2.307002,0.26785,-8.613,0.099559,0.058896,0.168297,7.115624650237706e-18,1,descriptive
armretry_selfreport:eps_c:stratummedium,-0.308635,0.106556,-2.8965,0.734449,0.59602,0.905028,0.003773967008912911,1,descriptive
armretry_selfreport:eps_c:stratumhigh,-0.923563,0.239994,-3.8483,0.397102,0.248095,0.635602,0.00011895286433627117,1,descriptive
armmin_rules:eps_c:stratummedium,1.918287,0.070982,27.0251,6.809286,5.924913,7.825664,7.48725685085044e-161,1,descriptive
armmin_rules:eps_c:stratumhigh,7.257779,0.158137,45.8954,1419.101525,1040.894532,1934.729291,0.0,1,descriptive
