arm,stratum,epsilon,marginal_success
no_rules,low,0.0,0.80434
no_rules,low,0.02,0.651891
no_rules,low,0.04,0.461665
no_rules,low,0.06,0.281697
no_rules,low,0.08,0.151165
no_rules,low,0.1,0.074266
no_rules,low,0.12,0.034682
no_rules,low,0.14,0.015783
no_rules,low,0.16,0.007095
no_rules,low,0.18,0.003171
no_rules,low,0.2,0.001414
no_rules,low,0.22,0.00063
no_rules,low,0.24,0.00028
no_rules,low,0.26,0.000125
no_rules,low,0.28,5.5e-05
no_rules,low,0.3,2.5e-05
no_rules,low,0.32,1.1e-05
no_rules,low,0.34,5e-06
no_rules,low,0.36,2e-06
no_rules,low,0.38,1e-06
no_rules,low,0.4,0.0
no_rules,low,0.42,0.0
no_rules,low,0.44,0.0
no_rules,low,0.46,0.0
no_rules,low,0.48,0.0
no_rules,low,0.5,0.0
no_rules,medium,0.0,0.836094
no_rules,medium,0.02,0.583613
no_rules,medium,0.04,0.2795
no_rules,medium,0.06,0.095461
no_rules,medium,0.08,0.02743
no_rules,medium,0.1,0.007423
no_rules,medium,0.12,0.001974
no_rules,medium,0.14,0.000523
no_rules,medium,0.16,0.000138
no_rules,medium,0.18,3.7e-05
no_rules,medium,0.2,1e-05
no_rules,medium,0.22,3e-06
no_rules,medium,0.24,1e-06
no_rules,medium,0.26,0.0
no_rules,medium,0.28,0.0
no_rules,medium,0.3,0.0
no_rules,medium,0.32,0.0
no_rules,medium,0.34,0.0
no_rules,medium,0.36,0.0
no_rules,medium,0.38,0.0
no_rules,medium,0.4,0.0
no_rules,medium,0.42,0.0
no_rules,medium,0.44,0.0
no_rules,medium,0.46,0.0
no_rules,medium,0.48,0.0
no_rules,medium,0.5,0.0
no_rules,high,0.0,0.899717
no_rules,high,0.02,0.390653
no_rules,high,0.04,0.042822
no_rules,high,0.06,0.002967
no_rules,high,0.08,0.000197
no_rules,high,0.1,1.3e-05
no_rules,high,0.12,1e-06
no_rules,high,0.14,0.0
no_rules,high,0.16,0.0
no_rules,high,0.18,0.0
no_rules,high,0.2,0.0
no_rules,high,0.22,0.0
no_rules,high,0.24,0.0
no_rules,high,0.26,0.0
no_rules,high,0.28,0.0
no_rules,high,0.3,0.0
no_rules,high,0.32,0.0
no_rules,high,0.34,0.0
no_rules,high,0.36,0.0
no_rules,high,0.38,0.0
no_rules,high,0.4,0.0
no_rules,high,0.42,0.0
no_rules,high,0.44,0.0
no_rules,high,0.46,0.0
no_rules,high,0.48,0.0
no_rules,high,0.5,0.0
retry_selfreport,low,0.0,0.802868
retry_selfreport,low,0.02,0.664389
retry_selfreport,low,0.04,0.491579
retry_selfreport,low,0.06,0.320701
retry_selfreport,low,0.08,0.186552
retry_selfreport,low,0.1,0.099614
retry_selfreport,low,0.12,0.050389
retry_selfreport,low,0.14,0.024727
retry_selfreport,low,0.16,0.011944
retry_selfreport,low,0.18,0.005724
retry_selfreport,low,0.2,0.002733
retry_selfreport,low,0.22,0.001302
retry_selfreport,low,0.24,0.00062
retry_selfreport,low,0.26,0.000295
retry_selfreport,low,0.28,0.00014
retry_selfreport,low,0.3,6.7e-05
retry_selfreport,low,0.32,3.2e-05
retry_selfreport,low,0.34,1.5e-05
retry_selfreport,low,0.36,7e-06
retry_selfreport,low,0.38,3e-06
retry_selfreport,low,0.4,2e-06
retry_selfreport,low,0.42,1e-06
retry_selfreport,low,0.44,0.0
retry_selfreport,low,0.46,0.0
retry_selfreport,low,0.48,0.0
retry_selfreport,low,0.5,0.0
retry_selfreport,medium,0.0,0.827505
retry_selfreport,medium,0.02,0.602956
retry_selfreport,medium,0.04,0.326261
retry_selfreport,medium,0.06,0.132411
retry_selfreport,medium,0.08,0.045195
retry_selfreport,medium,0.1,0.01434
retry_selfreport,medium,0.12,0.004436
retry_selfreport,medium,0.14,0.001361
retry_selfreport,medium,0.16,0.000417
retry_selfreport,medium,0.18,0.000127
retry_selfreport,medium,0.2,3.9e-05
retry_selfreport,medium,0.22,1.2e-05
retry_selfreport,medium,0.24,4e-06
retry_selfreport,medium,0.26,1e-06
retry_selfreport,medium,0.28,0.0
retry_selfreport,medium,0.3,0.0
retry_selfreport,medium,0.32,0.0
retry_selfreport,medium,0.34,0.0
retry_selfreport,medium,0.36,0.0
retry_selfreport,medium,0.38,0.0
retry_selfreport,medium,0.4,0.0
retry_selfreport,medium,0.42,0.0
retry_selfreport,medium,0.44,0.0
retry_selfreport,medium,0.46,0.0
retry_selfreport,medium,0.48,0.0
retry_selfreport,medium,0.5,0.0
retry_selfreport,high,0.0,0.886231
retry_selfreport,high,0.02,0.437475
retry_selfreport,high,0.04,0.071249
retry_selfreport,high,0.06,0.007172
retry_selfreport,high,0.08,0.000673
retry_selfreport,high,0.1,6.3e-05
retry_selfreport,high,0.12,6e-06
retry_selfreport,high,0.14,1e-06
retry_selfreport,high,0.16,0.0
retry_selfreport,high,0.18,0.0
retry_selfreport,high,0.2,0.0
retry_selfreport,high,0.22,0.0
retry_selfreport,high,0.24,0.0
retry_selfreport,high,0.26,0.0
retry_selfreport,high,0.28,0.0
retry_selfreport,high,0.3,0.0
retry_selfreport,high,0.32,0.0
retry_selfreport,high,0.34,0.0
retry_selfreport,high,0.36,0.0
retry_selfreport,high,0.38,0.0
retry_selfreport,high,0.4,0.0
retry_selfreport,high,0.42,0.0
retry_selfreport,high,0.44,0.0
retry_selfreport,high,0.46,0.0
retry_selfreport,high,0.48,0.0
retry_selfreport,high,0.5,0.0
retry_oracle,low,0.0,0.809263
retry_oracle,low,0.02,0.682947
retry_oracle,low,0.04,0.52351
retry_oracle,low,0.06,0.359286
retry_oracle,low,0.08,0.221875
retry_oracle,low,0.1,0.125969
retry_oracle,low,0.12,0.067542
retry_oracle,low,0.14,0.034987
retry_oracle,low,0.16,0.01778
retry_oracle,low,0.18,0.008944
retry_oracle,low,0.2,0.004476
retry_oracle,low,0.22,0.002234
retry_oracle,low,0.24,0.001114
retry_oracle,low,0.26,0.000555
retry_oracle,low,0.28,0.000276
retry_oracle,low,0.3,0.000138
retry_oracle,low,0.32,6.9e-05
retry_oracle,low,0.34,3.4e-05
retry_oracle,low,0.36,1.7e-05
retry_oracle,low,0.38,8e-06
retry_oracle,low,0.4,4e-06
retry_oracle,low,0.42,2e-06
retry_oracle,low,0.44,1e-06
retry_oracle,low,0.46,1e-06
retry_oracle,low,0.48,0.0
retry_oracle,low,0.5,0.0
retry_oracle,medium,0.0,0.825272
retry_oracle,medium,0.02,0.623819
retry_oracle,medium,0.04,0.369695
retry_oracle,medium,0.06,0.170714
retry_oracle,medium,0.08,0.066507
retry_oracle,medium,0.1,0.023837
retry_oracle,medium,0.12,0.008264
retry_oracle,medium,0.14,0.00283
retry_oracle,medium,0.16,0.000965
retry_oracle,medium,0.18,0.000329
retry_oracle,medium,0.2,0.000112
retry_oracle,medium,0.22,3.8e-05
retry_oracle,medium,0.24,1.3e-05
retry_oracle,medium,0.26,4e-06
retry_oracle,medium,0.28,2e-06
retry_oracle,medium,0.3,1e-06
retry_oracle,medium,0.32,0.0
retry_oracle,medium,0.34,0.0
retry_oracle,medium,0.36,0.0
retry_oracle,medium,0.38,0.0
retry_oracle,medium,0.4,0.0
retry_oracle,medium,0.42,0.0
retry_oracle,medium,0.44,0.0
retry_oracle,medium,0.46,0.0
retry_oracle,medium,0.48,0.0
retry_oracle,medium,0.5,0.0
retry_oracle,high,0.0,0.878151
retry_oracle,high,0.02,0.473553
retry_oracle,high,0.04,0.100528
retry_oracle,high,0.06,0.013123
retry_oracle,high,0.08,0.00156
retry_oracle,high,0.1,0.000183
retry_oracle,high,0.12,2.1e-05
retry_oracle,high,0.14,3e-06
retry_oracle,high,0.16,0.0
retry_oracle,high,0.18,0.0
retry_oracle,high,0.2,0.0
retry_oracle,high,0.22,0.0
retry_oracle,high,0.24,0.0
retry_oracle,high,0.26,0.0
retry_oracle,high,0.28,0.0
retry_oracle,high,0.3,0.0
retry_oracle,high,0.32,0.0
retry_oracle,high,0.34,0.0
retry_oracle,high,0.36,0.0
retry_oracle,high,0.38,0.0
retry_oracle,high,0.4,0.0
retry_oracle,high,0.42,0.0
retry_oracle,high,0.44,0.0
retry_oracle,high,0.46,0.0
retry_oracle,high,0.48,0.0
retry_oracle,high,0.5,0.0
min_rules,low,0.0,0.83412
min_rules,low,0.02,0.820136
min_rules,low,0.04,0.805269
min_rules,low,0.06,0.78951
min_rules,low,0.08,0.772859
min_rules,low,0.1,0.755322
min_rules,low,0.12,0.736916
min_rules,low,0.14,0.717667
min_rules,low,0.16,0.697612
min_rules,low,0.18,0.676797
min_rules,low,0.2,0.655279
min_rules,low,0.22,0.633126
min_rules,low,0.24,0.610414
min_rules,low,0.26,0.587229
min_rules,low,0.28,0.563663
min_rules,low,0.3,0.539815
min_rules,low,0.32,0.51579
min_rules,low,0.34,0.491694
min_rules,low,0.36,0.467635
min_rules,low,0.38,0.443721
min_rules,low,0.4,0.420056
min_rules,low,0.42,0.396742
min_rules,low,0.44,0.373874
min_rules,low,0.46,0.351539
min_rules,low,0.48,0.329816
min_rules,low,0.5,0.308776
min_rules,medium,0.0,0.771922
min_rules,medium,0.02,0.75493
min_rules,medium,0.04,0.737125
min_rules,medium,0.06,0.718532
min_rules,medium,0.08,0.699183
min_rules,medium,0.1,0.679119
min_rules,medium,0.12,0.658392
min_rules,medium,0.14,0.637061
min_rules,medium,0.16,0.615194
min_rules,medium,0.18,0.592867
min_rules,medium,0.2,0.570163
min_rules,medium,0.22,0.547169
min_rules,medium,0.24,0.523979
min_rules,medium,0.26,0.500688
min_rules,medium,0.28,0.477394
min_rules,medium,0.3,0.454195
min_rules,medium,0.32,0.431187
min_rules,medium,0.34,0.408463
min_rules,medium,0.36,0.386111
min_rules,medium,0.38,0.364215
min_rules,medium,0.4,0.34285
min_rules,medium,0.42,0.322086
min_rules,medium,0.44,0.301982
min_rules,medium,0.46,0.282589
min_rules,medium,0.48,0.263951
min_rules,medium,0.5,0.246099
min_rules,high,0.0,0.691795
min_rules,high,0.02,0.672007
min_rules,high,0.04,0.651607
min_rules,high,0.06,0.630653
min_rules,high,0.08,0.609211
min_rules,high,0.1,0.587353
min_rules,high,0.12,0.565156
min_rules,high,0.14,0.542703
min_rules,high,0.16,0.520082
min_rules,high,0.18,0.49738
min_rules,high,0.2,0.474689
min_rules,high,0.22,0.452098
min_rules,high,0.24,0.429697
min_rules,high,0.26,0.407571
min_rules,high,0.28,0.385802
min_rules,high,0.3,0.364467
min_rules,high,0.32,0.343636
min_rules,high,0.34,0.323372
min_rules,high,0.36,0.303732
min_rules,high,0.38,0.284763
min_rules,high,0.4,0.266506
min_rules,high,0.42,0.248992
min_rules,high,0.44,0.232245
min_rules,high,0.46,0.216282
min_rules,high,0.48,0.201109
min_rules,high,0.5,0.18673
